Kanji,Kana,Romaji,Type,Meaning,Tone,Example Sentence,Example Translation
愛,あい,ai,名词,爱,1,母の愛は海より深い。,母爱比海深。
夫婦,ふうふ,fuufu,名词,夫妇/夫妻,1,彼らは似た者夫婦だ。,他们是一对很有夫妻相的夫妇。
間,あいだ,aida,名词,期间;中间,0,バスとバスの間隔が長い。,公交车和公交车的间隔很长。
距離,きょり,kyori,名词,距离,1,学校までの距離を測る。,测量到学校的距离。
差,さ,sa,名词,差异;区别,0,実力の差は明らかだ。,实力的差距很明显。
違い,ちがい,chigai,名词,差异;错误,0,習慣の違いに驚く。,对习惯的差异感到惊讶。
青,あお,ao,名词,蓝色;青色,1,信号が青に変わった。,信号灯变绿了。
水滴,すいてき,suiteki,名词,水滴,0,葉に水滴が光っている。,叶子上的水滴在闪光。
湖,みずうみ,mizuumi,名词,湖;湖泊,3,静かな湖のほとりを歩く。,走在安静的湖畔。
波,なみ,nami,名词,波浪;趋势,2,今日は波が高い。,今天的浪很高。
汗,あせ,ase,名词,汗,1,スポーツをして汗をかいた。,运动后流了汗。
息,いき,iki,名词,呼吸;步调,1,息を深く吸い込む。,深深地吸了一口气。
普段,ふだん,fudan,副词,平常;平时,1,普段は眼鏡をかけている。,平时戴着眼镜。
考え,かんがえ,kangae,名词,想法;意见,3,君の考えを聞かせてほしい。,希望能听听你的想法。
見解,けんかい,kenkai,名词,见解;看法,0,その問題について見解を述べる。,阐述关于那个问题的见解。
提案,ていあん,teian,名词/他动词,提案;建议,0,新しい企画を提案する。,提出新的企划。
見送り,みおくり,miokuri,名词/他动词,送行;暂缓,0,空港まで友人の見送りに行った。,去机场给朋友送行了。
岩,いわ,iwa,名词,岩石,2,波が岩に打ち寄せている。,波浪拍打着岩石。
牛,うし,ushi,名词,牛,0,牧場で牛が草を食べている。,牛在牧场里吃草。
虎,とら,tora,名词,老虎,0,虎はネコ科の動物だ。,老虎是猫科动物。
馬,うま,uma,名词,马,2,草原を馬が走っている。,马在草原上奔跑。
鶏,にわとり,niwatori,名词,鸡,0,朝早く鶏が鳴いた。,一大早鸡就叫了。
運転,うんてん,unten,名词/他动词,驾驶,0,安全運転を心がける。,注意安全驾驶。
免許,めんきょ,menkyo,名词,执照;许可,1,車の運転免許を取った。,拿到了汽车驾驶执照。
運動,うんどう,undoo,名词/自动词,运动;活动,0,健康のために毎日運動している。,为了健康每天都在运动。
筋肉,きんにく,kinniku,名词,肌肉,1,ジムで筋肉を鍛える。,在健身房锻炼肌肉。
大会,たいかい,taikai,名词,大会;大赛,0,スピーチ大会に出場する。,参加演讲比赛。
勝ち,かち,kachi,名词,赢;胜,2,チームの勝ちが決まった。,队伍的胜利已成定局。
負け,まけ,make,名词,输;败,0,負けを認めるのも勇気だ。,承认失败也是一种勇气。
嘘,うそ,uso,名词,谎言,1,彼は平気で嘘をつく。,他若无其事地撒谎。
男性,だんせい,dansee,名词,男性,0,理想の男性と結婚したい。,想和理想的男性结婚。
女性,じょせい,josee,名词,女性,0,この店は女性に人気がある。,这家店很受女性欢迎。
化粧,けしょう,keshoo,名词/自动词,化妆,2,彼女は化粧に時間がかかる。,她化妆很花时间。
口紅,くちべに,kuchibeni,名词,口红,0,明るい色の口紅を塗る。,涂亮色的口红。
高齢,こうれい,kooree,名词,高龄,0,高齢化社会が進んでいる。,老龄化社会正在发展。
年寄り,としより,toshiyori,名词,老人,3,お年寄りには席を譲りましょう。,给老人让座吧。
年上,としうえ,toshiue,名词,年长,0,彼は私より三つ年上だ。,他比我大三岁。
目上,めうえ,meue,名词,长辈;上司,0,目上の人には敬語を使う。,对长辈要使用敬语。
先輩,せんぱい,senpai,名词,前辈,0,会社の先輩に相談する。,和公司的前辈商量。
後輩,こうはい,koohai,名词,晚辈;后辈,0,後輩の指導を任された。,被委派指导后辈。
部下,ぶか,buka,名词,下属,1,上司として部下を守る。,作为上司要保护下属。
同僚,どうりょう,dooryoo,名词,同事,0,同僚と飲みに行った。,和同事去喝酒了。
相手,あいて,aite,名词,对手;对象,3,テニスの練習相手を探す。,寻找网球的练习对手。
知人,ちじん,chijin,名词,熟人,0,パーティーで知人に会った。,在派对上遇到了熟人。
友情,ゆうじょう,yuujoo,名词,友情,0,彼との友情は一生続く。,和他的友情会持续一生。
仲,なか,naka,名词,关系,1,二人はとても仲がいい。,他们两人关系很好。
味方,みかた,mikata,名词,同伴;支持者,0,私はいつでもあなたの味方です。,我永远是你的同伴。
生年月日,せいねんがっぴ,seenengappi,名词,出生年月日,5,書類に生年月日を記入する。,在文件上填写出生年月日。
出身,しゅっしん,shusshin,名词,出身;籍贯,0,ご出身はどちらですか。,您是哪里人？
合格,ごうかく,gookaku,名词/自动词,合格;及格,0,大学に合格して嬉しい。,考上大学很开心。
進学,しんがく,shingaku,名词/自动词,升学,0,大学院への進学を決めた。,决定去研究生院深造。
退学,たいがく,taigaku,名词/自动词,退学,0,病気で大学を退学した。,因病从大学退学了。
就職,しゅうしょく,shuushoku,名词/自动词,就业,0,希望の会社に就職できた。,在理想的公司就业了。
退職,たいしょく,taishoku,名词/自动词,辞职;退休,0,定年で会社を退職する。,到了退休年龄从公司退休。
定年,ていねん,teenen,名词,退休年龄,0,父は来年定年を迎える。,父亲明年迎来退休。
失業,しつぎょう,shitsugyoo,名词/自动词,失业,0,不景気で失業者が増えた。,因为经济不景气失业者增加了。
残業,ざんぎょう,zangyoo,名词/自动词,加班,0,昨日は遅くまで残業した。,昨天加班到很晚。
世の中,よのなか,yononaka,名词,世上;社会,2,世の中は常に変化している。,世间万物常变。
通勤,つうきん,tsuukin,名词/自动词,通勤,0,電車で１時間かけて通勤する。,坐电车花一小时通勤。
給料,きゅうりょう,kyuuryoo,名词,工资,1,給料日は毎月２５日だ。,发薪日是每月的25号。
給与,きゅうよ,kyuuyo,名词,薪金;供给,1,給与明細を確認する。,确认工资条。
面接,めんせつ,mensetsu,名词/自动词,面试,0,就職の面接を受ける。,参加入职面试。
休憩,きゅうけい,kyuukee,名词/自动词,休息,0,ここで１０分間休憩しましょう。,在这里休息10分钟吧。
観光,かんこう,kankoo,名词/自动词,观光,0,京都へ観光に行った。,去京都观光了。
帰国,きこく,kikoku,名词/自动词,回国,0,来月帰国する予定だ。,打算下个月回国。
出席,しゅっせき,shusseki,名词/自动词,出席,0,会議に出席する。,出席会议。
欠席,けっせき,kesseki,名词/自动词,缺席,0,風邪で授業を欠席した。,因为感冒缺课了。
遅刻,ちこく,chikoku,名词/自动词,迟到,0,約束の時間に遅刻した。,约定的时间迟到了。
計画,けいかく,keekaku,名词/他动词,计划,0,旅行の計画を立てる。,制定旅行计划。
成功,せいこう,seekoo,名词/自动词,成功,0,実験は成功した。,实验成功了。
失敗,しっぱい,shippai,名词/自动词,失败,0,失敗から学ぶことは多い。,从失败中学到的东西很多。
準備,じゅんび,junbi,名词/他动词,准备,1,引っ越しの準備をする。,做搬家的准备。
徹夜,てつや,tetsuya,名词/自动词,通宵,0,徹夜で勉強した。,通宵学习了。
入浴,にゅうよく,nyuuyoku,名词/自动词,入浴;洗澡,0,ゆっくり入浴して疲れをとる。,慢慢洗澡消除疲劳。
電球,でんきゅう,denkyuu,名词,灯泡,0,切れた電球を取り替える。,更换烧坏的灯泡。
身長,しんちょう,shinchoo,名词,身高,0,身長が５センチ伸びた。,身高长了5厘米。
体重,たいじゅう,taijuu,名词,体重,0,最近、体重が増えてしまった。,最近体重增加了。
好き嫌い,すききらい,sukikirai,名词,好恶;挑剔,2,食べ物の好き嫌いが多い。,挑食很严重。
趣味,しゅみ,shumi,名词,爱好,1,私の趣味は読書です。,我的爱好是读书。
目的,もくてき,mokuteki,名词,目的,0,日本へ来た目的は何ですか。,来日本的目的是什么？
お喋り,おしゃべり,oshaberi,名词/自动词,聊天,2,授業中のお喋りは禁止だ。,上课时禁止聊天。
我慢,がまん,gaman,名词/他动词,忍耐,1,痛いのを我慢する。,忍痛。
熱中,ねっちゅう,necchuu,名词/自动词,热衷,0,彼はゲームに熱中している。,他热衷于游戏。
望み,のぞみ,nozomi,名词,希望,3,望みが叶った。,愿望实现了。
賛成,さんせい,sansee,名词/自动词,赞成,0,彼の意見に賛成だ。,赞成他的意见。
反対,はんたい,hantai,名词/自动词,反对;相反,0,戦争に反対する。,反对战争。
朝日,あさひ,asahi,名词,旭日;朝阳,1,朝日がまぶしい。,朝阳很耀眼。
太陽,たいよう,taiyoo,名词,太阳,1,太陽が昇る。,太阳升起。
発電,はつでん,hatsuden,名词/自动词,发电,0,風力で発電する。,利用风力发电。
湿度,しつど,shitsudo,名词,湿度,2,今日は湿度が低くて快適だ。,今天湿度低很舒适。
湿気,しっけ,shikke,名词,湿气,0,梅雨は湿気が多い。,梅雨季节湿气重。
梅雨,つゆ,tsuyu,名词,梅雨,0,もうすぐ梅雨に入る。,马上要入梅了。
暖房,だんぼう,danboo,名词,暖气,0,部屋に暖房をつける。,给房间开暖气。
番組,ばんぐみ,bangumi,名词,节目,0,好きなテレビ番組を見る。,看喜欢的电视节目。
録画,ろくが,rokuga,名词/他动词,录像,0,ドラマを録画しておく。,把电视剧录下来。
録音,ろくおん,rokuon,名词/他动词,录音,0,会話を録音する。,录下对话。
記事,きじ,kiji,名词,报道,1,新聞の記事を読む。,读报纸的报道。
警察,けいさつ,keesatsu,名词,警察,0,事故があったので警察を呼んだ。,出事故了所以叫了警察。
犯人,はんにん,hannin,名词,犯人,1,警察が犯人を捕まえた。,警察抓住了犯人。
強盗,ごうとう,gootoo,名词,强盗;抢劫,0,銀行に強盗が入った事件。,强盗闯入银行的案件。
逮捕,たいほ,taiho,名词/他动词,逮捕,1,警察は犯人を逮捕した。,警察逮捕了犯人。
道路,どうろ,dooro,名词,道路;公路,1,道路が工事で渋滞している。,道路因为施工堵车了。
坂,さか,saka,名词,坡;斜坡,2,急な坂を自転車で登る。,骑自行车爬陡坡。
煙,けむり,kemuri,名词,烟,0,火事の煙が見える。,能看到火灾的烟。
挨拶,あいさつ,aisatsu,名词/自动词,寒暄;问候,1,先生に元気よく挨拶する。,精神饱满地向老师问好。
前半,ぜんはん,zenhan,名词,前半部分,0,試合の前半が終わった。,比赛的前半段结束了。
後半,こうはん,koohan,名词,后半部分,0,物語は後半で意外な展開になる。,故事在后半段有了意外的展开。
最高,さいこう,saikoo,名词/Na形容词,最高;最好,0,今日の気分は最高だ。,今天心情好极了。
最低,さいてい,saitee,名词/Na形容词,最低;最差,0,最低の気温を記録した。,记录了最低气温。
最初,さいしょ,saisho,名词,最初;开始,0,最初は難しく感じるかもしれない。,起初可能会觉得很难。
最後,さいご,saigo,名词,最后,1,最後まで諦めないで。,直到最后也不要放弃。
始まり,はじまり,hajimari,名词,开始;开端,0,これが全ての始まりだった。,这就是一切的开端。
終わり,おわり,owari,名词,结束,0,夏休みの終わりが近づく。,暑假快结束了。
末,すえ,sue,名词,末尾;终了,0,今月の末に旅行に行く。,这个月底去旅行。
順番,じゅんばん,junban,名词,顺序;轮流,0,順番に並んで待つ。,按顺序排队等候。
性質,せいしつ,seeshitsu,名词,性质;性格,0,この物質の性質を調べる。,调查这个物质的性质。
部品,ぶひん,buhin,名词,零件,0,車の部品を交換する。,更换汽车零件。
値上げ,ねあげ,neage,名词/他动词,涨价,0,ガソリンが値上げされた。,汽油涨价了。
値下げ,ねさげ,nesage,名词/他动词,降价,0,その商品は値下げしました。,那个商品降价了。
片付け,かたづけ,kataduke,名词,整理;收拾,0,部屋の片付けが終わらない。,房间还没收拾完。
清掃,せいそう,seesoo,名词/他动词,清扫,0,公園の清掃活動に参加する。,参加公园的清扫活动。
手伝い,てつだい,tetsudai,名词,帮忙,3,母の料理の手伝いをする。,帮妈妈做饭。
年月,ねんげつ,nengetsu,名词,年月;岁月,1,完成までに長い年月がかかった。,到完成为止花了很长岁月。
月日,つきひ,tsukihi,名词,岁月;光阴,2,月日が流れるのは早い。,光阴流逝得真快。
年中,ねんじゅう,nenjuu,名词/副词,全年;一年到头,1,あの店は年中無休だ。,那家店全年无休。
暮れ,くれ,kure,名词,年底;日暮,0,年の暮れは忙しい。,年底很忙。
帰省,きせい,kisee,名词/自动词,回乡探亲,0,お盆に実家へ帰省する。,盂兰盆节回老家探亲。
片道,かたみち,katamichi,名词,单程,0,片道の切符を買う。,买单程票。
往復,おうふく,oofuku,名词/自动词,往返,0,学校まで往復２時間かかる。,往返学校要花两小时。
急ぎ,いそぎ,isogi,名词,紧急;匆忙,3,急ぎの用事が入った。,有了急事。
貸し,かし,kashi,名词,借出;贷款,0,彼には貸しがある。,我借给过他（人情或钱）。
借り,かり,kari,名词,借入;欠债,0,借りた本を返す。,归还借的书。
迎え,むかえ,mukae,名词,迎接,0,駅まで迎えに行く。,去车站接人。
別れ,わかれ,wakare,名词,分别;离别,0,別れの時が来た。,离别的时刻到了。
悲しみ,かなしみ,kanashimi,名词,悲伤,3,悲しみを乗り越える。,克服悲伤。
喜び,よろこび,yorokobi,名词,喜悦,0,合格の喜びを分かち合う。,分享合格的喜悦。
楽しみ,たのしみ,tanoshimi,名词,期待;乐趣,3,週末の旅行が楽しみだ。,很期待周末的旅行。
驚き,おどろき,odoroki,名词,吃惊;震惊,0,そのニュースは驚きだった。,那个新闻令人震惊。
怒り,いかり,ikari,名词,愤怒,3,彼の失礼な態度に怒りを感じた。,对他的无礼态度感到愤怒。
共同,きょうどう,kyoodoo,名词/自动词,共同,0,共同で事業を始める。,共同开始事业。
協力,きょうりょく,kyooryoku,名词/自动词,合作;协力,0,全員で協力して成功させた。,全员合作取得了成功。
お礼,おれい,oree,名词,谢意;回礼,0,先生にお礼の手紙を書く。,给老师写感谢信。
お詫び,おわび,owabi,名词,道歉,0,心からお詫び申し上げます。,衷心表示歉意。
お辞儀,おじぎ,ojigi,名词/自动词,鞠躬;行礼,0,深々とお辞儀をする。,深深地鞠躬。
意地悪,いじわる,ijiwaru,名词/Na形容词,刁难;坏心眼,2,意地悪な質問をする。,提刁钻的问题。
いたずら,いたずら,itazura,名词/自动词,淘气;恶作剧,0,子供が壁にいたずら書きをした。,孩子在墙上乱涂乱画。
貯金,ちょきん,chokin,名词/自动词,存款;储蓄,0,将来のために貯金する。,为了将来存钱。
通帳,つうちょう,tsuuchoo,名词,存折,0,銀行の通帳を記帳する。,登记银行存折。
反省,はんせい,hansee,名词/他动词,反省;检讨,0,自分の行動を反省する。,反省自己的行为。
発展,はってん,hatten,名词/自动词,发展,0,この町は急速に発展した。,这个城镇发展迅速。
変化,へんか,henka,名词/自动词,变化,1,季節の変化を感じる。,感受季节的变化。
出場,しゅつじょう,shutsujoo,名词/自动词,出场;参加比赛,0,オリンピックに出場したい。,想参加奥运会。
活躍,かつやく,katsuyaku,名词/自动词,活跃;大显身手,0,彼は海外で活躍している。,他在海外很活跃。
応援,おうえん,ooen,名词/他动词,声援;助威,0,スタジアムで選手を応援する。,在体育场为选手助威。
噂,うわさ,uwasa,名词,传闻;闲话,0,その噂は本当ですか。,那个传闻是真的吗？
情報,じょうほう,joohoo,名词,信息,0,インターネットで情報を集める。,在网上收集信息。
交換,こうかん,kookan,名词/他动词,交换,0,名刺を交換する。,交换名片。
宣伝,せんでん,senden,名词/他动词,宣传,0,新商品をテレビで宣伝する。,在电视上宣传新商品。
広告,こうこく,kookoku,名词/他动词,广告,0,新聞に広告を出す。,在报纸上登广告。[cite: 353]
通訳,つうやく,tsuuyaku,名词/他动词,翻译;口译,1,会議で通訳を務める。,在会议上担任翻译。
翻訳,ほんやく,honyaku,名词/他动词,翻译;笔译,0,日本の小説を中国語に翻訳する。,把日本小说翻译成中文。
流行,りゅうこう,ryuukoo,名词/自动词,流行;时髦,0,今、若者の間でこの服が流行している。,现在这种衣服在年轻人中很流行。
募集,ぼしゅう,boshuu,名词/他动词,募集;招募,0,アルバイトを募集している。,正在招募兼职。
注目,ちゅうもく,chuumoku,名词/自动词,注目;关注,0,世界中がそのニュースに注目した。,全世界都关注了那个新闻。
期待,きたい,kitai,名词/他动词,期待;期望,0,両親の期待に応えたい。,想回应父母的期待。
苦労,くろう,kuroo,名词/自动词,辛苦;劳苦,1,生活に苦労する。,生活辛苦。
希望,きぼう,kiboo,名词/他动词,希望;愿望,0,日本での就職を希望している。,希望在日本就业。
望み,のぞみ,nozomi,名词,愿望;希望,3,望みが叶って嬉しい。,愿望实现了很开心。
願い,ねがい,negai,名词,请求;愿望,2,星に願いをかける。,向星星许愿。
予感,よかん,yokan,名词/他动词,预感,0,いいことが起こる予感がする。,预感会有好事发生。
覚悟,かくご,kakugo,名词/他动词,觉悟;心理准备,1,苦労は覚悟の上だ。,已经做好了辛苦的心理准备。
感心,かんしん,kanshin,名词/自动词,钦佩;佩服,0,彼の努力には感心する。,佩服他的努力。
感動,かんどう,kandoo,名词/自动词,感动,0,その映画を見て感動した。,看了那部电影很感动。
感謝,かんしゃ,kansha,名词/自动词,感谢,1,支えてくれた家族に感謝する。,感谢支持我的家人。
感激,かんげき,kangeki,名词/自动词,感激;激动,0,温かいもてなしに感激した。,对热情款待感到感激。
勘違い,かんちがい,kanchigai,名词/自动词,误解;错认,3,私の勘違いで迷惑をかけた。,因为我的误解添了麻烦。
間違い,まちがい,machigai,名词,错误;失误,3,計算の間違いを見つける。,发现计算错误。
修正,しゅうせい,shuusei,名词/他动词,修正;修改,0,計画を一部修正する。,修改一部分计划。
訂正,ていせい,teisei,名词/他动词,订正;改正,0,誤字を訂正する。,订正错字。
整理,せいり,seiri,名词/他动词,整理;清理,1,机の上を整理する。,整理桌面。
解決,かいけつ,kaiketsu,名词/自动词,解决,0,ようやく問題が解決した。,问题终于解决了。
確認,かくにん,kakunin,名词/他动词,确认;核实,0,予約の内容を確認する。,确认预约内容。
利用,りよう,riyoo,名词/他动词,利用;使用,0,図書館を利用する。,利用图书馆。
使用,しよう,shiyoo,名词/他动词,使用,0,パソコンを使用する。,使用电脑。
理解,りかい,rikai,名词/他动词,理解;明白,1,彼の説明が理解できない。,无法理解他的说明。
発見,はっけん,hakken,名词/他动词,发现,0,新しい星を発見した。,发现了新的星星。
発明,はつめい,hatsumee,名词/他动词,发明,0,エジソンは電球を発明した。,爱迪生发明了灯泡。
関係,かんけい,kankee,名词/自动词,关系,0,政治に関係がある仕事。,与政治有关的工作。
影響,えいきょう,eikyoo,名词/自动词,影响,0,親の言葉は子供に影響する。,父母的话会影响孩子。
効果,こうか,kooka,名词,效果;效验,1,この薬はダイエットに効果がある。,这药对减肥有效果。
印象,いんしょう,inshoo,名词,印象,0,彼は第一印象がいい。,他的第一印象很好。
標識,ひょうしき,hyooshiki,名词,标识;标记,0,交通標識に従う。,遵循交通标识。
合図,あいず,aizu,名词/自动词,信号;暗号,1,目で合図を送る。,用眼神传递信号。
共通,きょうつう,kyootsuu,名词/Na形容词,共通;共同,0,二人の共通の趣味は山登りだ。,两人的共同爱好是登山。
強調,きょうちょう,kyoochoo,名词/他动词,强调,0,大切なポイントを強調する。,强调重点。
省略,しょうりゃく,shooryaku,名词/他动词,省略,0,詳しい説明は省略する。,详细说明就省略了。
挑戦,ちょうせん,choosen,名词/自动词,挑战,0,新しい記録に挑戦する。,挑战新纪录。
やる気,やるき,yaruki,名词,干劲,0,仕事のやる気が出ない。,干活没干劲。
勇気,ゆうき,yuuki,名词,勇气,1,勇気を出して告白する。,拿出勇气告白。
自慢,じまん,jiman,名词/他动词,自夸;得意,0,彼は自分の才能を自慢している。,他正因自己的才能而自鸣得意。
謙虚,けんきょ,kenkyo,Na形容词,谦虚,1,彼はとても謙虚な人だ。,他是个非常谦虚的人。
得意,とくい,tokui,Na形容词,擅长;得意,2,料理が得意です。,擅长做饭。
苦手,にがて,nigate,Na形容词,不擅长;怕,0,運動は苦手だ。,不擅长运动。
真剣,しんけん,shinken,Na形容词,认真;严肃,0,真剣な表情で話を聞く。,用认真的表情听讲。
熱心,ねっしん,nesshin,Na形容词,热心;热衷,1,熱心に勉強に取り組む。,热衷于学习。
退屈,たいくつ,taikutsu,名词/Na形容词,无聊;枯燥,0,話が長くて退屈だ。,话太长了，真无聊。
夢中,むちゅう,muchuu,Na形容词,着迷;陶醉,0,漫画に夢中になる。,沉迷于漫画。
余裕,よゆう,yoyuu,名词,余裕;空闲,0,時間に余裕を持って到着する。,提前到达，留出富余时间。
落ち着き,おちつき,ochitsuki,名词,沉着;冷静,0,落ち着きのある対応。,沉着的应对。
空く,あく,aku,动词(自),空着;有空,0,空いた部屋を探す。,寻找空着的房间。
空ける,あける,akeru,动词(他),空出;腾出,0,時間を空けておく。,预留出时间。
預かる,あずかる,azukaru,动词(他),保管;照管,3,荷物をフロントで預かる。,在服务台存放行李。
預ける,あずける,azukeru,动词(他),寄存;委托,3,銀行にお金を預ける。,把钱存进银行。
当たる,あたる,ataru,动词(自),碰撞;中奖,0,宝くじが当たる。,彩票中奖了。
当てる,あてる,ateru,动词(他),碰撞;命中;猜中,0,答えを当てる。,猜中答案。
集まる,あつまる,atsumaru,动词(自),聚集;集中,3,会場に多くの人が集まる。,会场聚集了很多人。
集める,あつめる,atsumeru,动词(他),收集;召集,3,切手を集めるのが趣味だ。,收集邮票是我的爱好。
現れる,あらわれる,arawareru,动词(自),出现;显露,4,太陽が現れた。,太阳出来了。
現す,あらわす,arawasu,动词(他),表现;表示,3,喜びを顔に現す。,喜形于色。
生きる,いきる,ikiru,动词(自),生存;生活,2,強く生きる。,坚强地活下去。
生かす,いかす,ikasu,动词(他),发挥;利用,2,経験を生かす。,发挥经验。
動く,うごく,ugoku,动词(自),移动;摇动;转动,2,機械が動いている。,机器正在转动。
動かす,うごかす,ugokasu,动词(他),移动;操纵,0,重い机を動かす。,移动沉重的桌子。
移る,うつる,utsuru,动词(自),搬迁;移动,2,隣の席に移る。,移到隔壁座位。
移す,うつす,utsusu,动词(他),挪动;转移,2,拠点を海外に移す。,将据点转移到海外。
写る,うつる,utsuru,动词(自),照出;映出,2,写真が綺麗に写る。,照片拍得很漂亮。
写す,うつす,utsusu,动词(他),照相;誊写,2,ノートを写す。,抄笔记。
生まれる,うまれる,umareru,动词(自),出生;诞生,0,1990年に生まれた。,出生于1990年。
生む,うむ,umu,动词(他),生产;产生,0,卵を産む。,产卵。
売れる,うれる,ureru,动词(自),好卖;畅销,0,この本はよく売れる。,这本书很畅销。
売る,うる,uru,动词(他),卖,0,車を高く売る。,把车卖个好价钱。
起きる,おきる,okiru,动词(自),起床;发生,2,朝6時に起きる。,早晨6点起床。
起こす,おこす,okosu,动词(他),叫醒;引起,2,子供を起こす。,叫醒孩子。
落ちる,おちる,ochiru,动词(自),落下;考试不及格,2,試験に落ちる。,考试不及格。
落とす,おとす,otosu,动词(他),使落下;弄丢,2,財布を落とした。,把钱包弄丢了。
終わる,おわる,owaru,动词(自),结束,0,授業が終わる。,课结束了。
終える,おえる,oeru,动词(他),完成;结束,0,仕事を終える。,完成工作。
かかる,かかる,kakaru,动词(自),花费(时间、钱);挂着,2,お金がかかる。,花钱。
かける,かける,kakeru,动词(他),挂;打(电话),2,電話をかける。,打电话。
変わる,かわる,kawaru,动词(自),变化,0,信号が青に変わる。,信号灯变绿了。
変える,かえる,kaeru,动词(他),改变;更换,0,予定を変える。,改变计划。
決まる,きまる,kimaru,动词(自),决定;定下来,0,方針が決まる。,方针定下来了。
決める,きめる,kimeru,动词(他),决定,0,メニューを決める。,决定菜单。
消える,きえる,kieru,动词(自),消失;熄灭,0,電気が消える。,灯灭了。
消す,けす,kesu,动词(他),消除;关灯,0,テレビを消す。,关电视。
切れる,きれる,kireu,动词(自),断掉;过期,2,賞味期限が切れる。,过了保质期。
切る,きる,kiru,动词(他),切;断开,1,紙を切る。,剪纸。
閉まる,しまる,shimaru,动词(自),关闭,2,店が閉まっている。,店关着。
閉める,しめる,shimeru,动词(他),关上,2,窓を閉める。,关窗户。
育つ,そだつ,sodatsu,动词(自),成长;发育,2,子供がすくすくと育つ。,孩子茁壮成长。
育てる,そだてる,sodateru,动词(他),养育;培养,3,花を育てる。,种花。
倒れる,たおれる,taoreru,动词(自),倒下;倒闭,3,台風で木が倒れた。,树被台风吹倒了。
倒す,たおす,taosu,动词(他),弄倒;打倒,2,花瓶を倒す。,弄翻花瓶。
助かる,たすかる,tasukaru,动词(自),获救;省力,3,命が助かる。,保住了性命。
助ける,たすける,tasukeru,动词(他),营救;帮助,3,困っている人を助ける。,帮助困难的人。
付く,つく,tsuku,动词(自),带有;附着,1,汚れが付く。,沾上污渍。
付ける,つける,tsukeru,动词(他),安装;写下;打开(电器),2,日記を付ける。,记日记。
伝わる,つたわる,tsutawaru,动词(自),传达;流传,0,気持ちが相手に伝わる。,心情传达给了对方。
伝える,つたえる,tsutaeru,动词(他),转达;传授,0,メッセージを伝える。,传达信息。
続く,つづく,tsuduku,动词(自),持续;连续,0,雨が三日間続く。,雨连续下了三天。
続ける,つづける,tsudukeru,动词(他),继续;维持,0,勉強を続ける。,继续学习。
届く,とどく,todoku,动词(自),送到;及于,2,荷物が届く。,包裹送到了。
届ける,とどける,todokeru,动词(他),送到;递送;申报,3,忘れ物を警察に届ける。,把捡到的东西交给警察。
並ぶ,ならぶ,narabu,动词(自),排队;并列,0,入口に人が並んでいる。,门口有人在排队。
並べる,ならべる,naraberu,动词(他),排列;摆放,0,机の上に本を並べる。,在桌上摆放书本。
脱げる,ぬげる,nugeru,动词(自),脱落;掉下,2,靴が脱げてしまった。,鞋子掉了。
脱ぐ,ぬぐ,nugu,动词(他),脱下(衣、鞋),1,靴を脱いで上がる。,脱鞋进屋。
残る,のこる,nokoru,动词(自),残留;剩余,2,料理が少し残っている。,菜还剩一点。
残す,のこす,nokosu,动词(他),留下;剩下,2,ご飯を残さず食べる。,不剩饭，全部吃完。
冷える,ひえる,hieru,动词(自),变冷;感觉凉,2,夜は体が冷える。,晚上身体发冷。
冷やす,ひやす,hiyasu,动词(他),冰镇;冷却,2,ビールを冷やしておく。,把啤酒冰镇好。
増える,ふえる,fueru,动词(自),增加,2,体重が増えた。,体重增加了。
増やす,ふやす,huyasu,动词(他),增加;增多,2,貯金を増やす。,增加存款。
減る,へる,heru,动词(自),减少,0,人口が減っている。,人口正在减少。
減らす,へらす,herasu,动词(他),减少;削减,0,無駄遣いを減らす。,减少浪费。
曲がる,まがる,magaru,动词(自),弯曲;转弯,0,角を右に曲がる。,在拐角往右转。
曲げる,まげる,mageru,动词(他),弄弯;歪曲,0,針金を曲げる。,弄弯金属丝。
見つかる,みつかる,mitsukaru,动词(自),被发现;找到,0,いい仕事が見つかった。,找到了好工作。
見つける,みつける,mitsukeru,动词(他),寻找;发现,0,間違いを見つける。,发现错误。
焼ける,やける,yakeru,动词(自),烧焦;烤熟;晒黑,0,パンが焼けた。,面包烤好了。
焼く,やく,yaku,动词(他),烤;烧,0,魚を焼く。,烤鱼。
沸く,わく,waku,动词(自),水烧开;沸腾,0,お湯が沸いた。,水开了。
沸かす,わかす,wakasu,动词(他),烧开;使沸腾,0,お風呂を沸かす。,准备洗澡水（烧热水）。
分かれる,わかれる,wakateru,动词(自),分开;分支,3,意見が二つに分かれる。,意见分歧成两种。
分ける,わける,wakeru,动词(他),划分;分配,2,ケーキを四つに分ける。,把蛋糕分成四份。
浅い,あさい,asai,I形容词,浅的,0,この川は浅い。,这条河很浅。
厚い,あつい,atsui,I形容词,厚的;深厚的,0,この本はとても厚い。,这本书很厚。
薄い,うすい,usui,I形容词,薄的;淡的,0,色が薄い。,颜色浅。
固い,かたい,katai,I形容词,坚硬的;坚定的,0,頭が固い。,脑筋死板（头硬）。
緩い,ゆるい,yurui,I形容词,松的;缓和的,2,靴が緩くて歩きにくい。,鞋太松了不好走路。
鋭い,するどい,surudoi,I形容词,锋利的;尖锐的,3,鋭いナイフ。,锋利的刀。
鈍い,にぶい,nibui,I形容词,迟钝的;不锋利的,2,運動神経が鈍い。,运动神经迟钝。
荒い,あらい,arai,I形容词,粗暴的;剧烈的,0,波が荒い。,浪头很大。
激しい,はげしい,hageshii,I形容词,剧烈的;强烈的,3,雨が激しく降る。,雨下得很大。
惜しい,おしい,oshii,I形容词,可惜的;惋惜的,2,あと一歩で負けて惜しい。,差一步就输了，真可惜。
悔しい,くやしい,kuyashii,I形容词,不甘心的;悔恨的,3,試合に負けて悔しい。,比赛输了很不甘心。
怪しい,あやしい,ayashii,I形容词,可疑的;奇怪的,0,外に怪しい人がいる。,外面有个可疑的人。
珍しい,めずらしい,mezurashii,I形容词,罕见的;新奇的,4,これは珍しい鳥だ。,这是罕见的鸟。
素晴らしい,すばらしい,subarashii,I形容词,极好的;绝佳的,4,素晴らしい景色だ。,绝佳的景色。
詳しい,くわしい,kuwashii,I形容词,详细的;精通的,3,理由を詳しく説明する。,详细说明理由。
親しい,したしい,shitashii,I形容词,亲密的;亲近的,3,彼とは親しい仲だ。,跟他关系亲密。
正しい,ただしい,tadashii,I形容词,正确的,3,正しい答えを選ぶ。,选择正确答案。
苦しい,くるしい,kurushii,I形容词,痛苦的;艰难的,3,生活が苦しい。,生活艰难。
等しい,ひとしい,hitoshii,I形容词,相等的;同样的,3,正解に等しい。,等同于正确答案。
大人しい,おとなしい,otonashii,I形容词,温顺的;安详的,4,彼は大人しい性格だ。,他性格温顺。
喧しい,やかましい,yakamashii,I形容词,吵闹的;啰唆的,4,外がやかましくて眠れない。,外面太吵了睡不着。
若々しい,わかわかしい,wakawakashii,I形容词,年轻的;朝气蓬勃的,5,彼女はいつも若々しい。,她总是显得很年轻。
勇ましい,いさましい,isamashii,I形容词,勇敢的;壮烈的,4,勇ましい姿。,英勇的身姿。
眩しい,まぶしい,mabushii,I形容词,晃眼的;耀眼的,3,太陽が眩しい。,太阳很刺眼。
険しい,けわしい,kewashii,I形容词,险峻的;严厉的,3,険しい山道を登る。,攀登险峻的山路。
等しい,ひとしい,hitoshii,I形容词,相等的;同样的,3,正解に等しい。,等同于正确答案。
貧しい,まずしい,mazushii,I形容词,贫穷的;贫乏的,3,貧しい生活から抜け出す。,摆脱贫穷的生活。
眩しい,まぶしい,mabushii,I形容词,晃眼的;耀眼的,3,太陽が眩しい。,太阳很耀眼。
穏やか,おだやか,odayaka,Na形容词,温和的;平静的,2,穏やかな性格の人。,性格温和的人。
盛ん,さかん,sakan,Na形容词,繁荣的;盛大的;热烈的,0,スポーツが盛んな国。,体育运动盛行的国家。
賑やか,にぎやか,nigiyaka,Na形容词,热闹的;繁华的,2,休日の街は賑やかだ。,休息日的街道很热闹。
不平,ふへい,fuhei,名词/Na形容词,不平;不满,0,不平を言うのはやめよう。,停止抱怨（说不满的话）吧。
不満,ふまん,fuman,名词/Na形容词,不满意;不满足,0,現状に不満がある。,对现状不满意。
不安,ふあん,fuan,名词/Na形容词,不安;担心,0,将来に不安を感じる。,对未来感到不安。
不便,ふべん,fuben,Na形容词,不方便,1,交通が不便な場所。,交通不便的地方。
不幸,ふこう,fukou,名词/Na形容词,不幸;灾祸,0,不幸な事故が起こる。,发生了不幸的事故。
不思議,ふしぎ,fushigi,Na形容词,不可思议的;奇怪的,0,不思議な体験をする。,有了一段不可思议的经历。
不自由,ふじゆう,fujiyuu,Na形容词,不自由;不便;贫困,2,足が不自由な人。,腿脚不便的人。
丁寧,ていねい,teinei,Na形容词,有礼貌的;小心的,1,丁寧な言葉遣い。,有礼貌的措辞。
親切,しんせつ,shinsetsu,Na形容词,亲切的;好心的,1,親切な人に助けられた。,被好心人帮助了。
器用,きよう,kiyou,Na形容词,手巧的;精明的,1,彼女は手先が器用だ。,她手很巧。
不器用,ぶきよう,bukiyou,Na形容词,笨手笨脚的;不灵巧的,2,不器用で料理が苦手だ。,因为笨手笨脚所以不擅长做饭。
わがまま,わがまま,wagamama,Na形容词,任性的;放肆的,0,わがままを言って困らせる。,说任性的话让人为难。
意地悪,いじわる,ijiwaru,Na形容词,坏心眼的;刁难的,2,意地悪なことをする。,做坏心眼的事。
正直,しょうじき,shoujiki,Na形容词/副词,诚实的;老实说,3,正直な感想を述べる。,叙述诚实的感想。
豪華,ごうか,gouka,Na形容词,豪华的;华丽的,1,豪華なホテルに泊まる。,住豪华酒店。
贅沢,ぜいたく,zeitaku,名词/Na形容词,奢侈的;浪费的,3,たまには贅沢をしたい。,偶尔也想奢侈一下。
快適,かいてき,kaiteki,Na形容词,舒适的;舒服的,0,快適な暮らしを送る。,过着舒适的生活。
楽,らく,raku,Na形容词,轻松的;舒适的,2,楽な姿勢で座る。,以轻松的姿势坐着。
派手,はで,hade,Na形容词,华丽的;花哨的,2,派手な色の服を着る。,穿颜色花哨的衣服。
地味,じみ,jimi,Na形容词,朴素的;保守的,2,地味なデザインの靴。,款式朴素的鞋子。
無駄,むだ,muda,Na形容词,徒劳的;浪费的,0,時間を無駄にする。,浪费时间。
貴重,きちょう,kichou,Na形容词,珍贵的;贵重的,0,貴重な経験を積む。,积累珍贵的经验。
相当,そうとう,soutou,Na形容词/副词,相当;合适,0,相当な時間がかかる。,花相当长的时间。
突然,とつぜん,totsuzen,副词,突然,0,突然、雨が降り出した。,突然下起了雨。
いきなり,いきなり,ikinari,副词,突然;冷不防,0,いきなり大声を出さないで。,别突然大声叫。
ようやく,ようやく,youyaku,副词,好不容易;终于,0,ようやく雨が止んだ。,雨终于停了。
ついに,ついに,tsuini,副词,终于;终究,1,ついに実験が成功した。,实验终于成功了。
とうとう,とうとう,toutou,副词,终于;到底,1,とうとう最後まで終わった。,终于到最后结束了。
結局,けっきょく,kekkyoku,副词,结局;结果,0,結局、彼は来なかった。,结果，他没来。
決して,けっして,kesshite,副词,决(不);绝对(不),0,決して諦めない。,决不放弃。
絶対,ぜったい,zettai,副词,绝对,0,絶対、秘密を守る。,绝对保守秘密。
必ず,かならず,kanarazu,副词,一定;必定,0,必ず約束を守る。,一定遵守约定。
是非,ぜひ,zehi,副词,务必;无论如何,1,是非、遊びに来てください。,请务必来玩。
なるべく,なるべく,narubeku,副词,尽可能,0,なるべく早く帰る。,尽可能早回家。
多分,たぶん,tabun,副词,大概;或许,1,明日は多分雨だろう。,明天大概会下雨吧。
恐らく,おそらく,osoraku,副词,恐怕;或许,2,恐らく彼は来ないだろう。,恐怕他不会来了。
もし,もし,moshi,副词,如果;假如,1,もし雨が降ったら中止だ。,如果下雨就中止。
もしも,もしも,moshimo,副词,万一;假如,1,もしもの時は連絡して。,万一有事请联系。
うっかり,うっかり,ukkari,副词/自动词,不留神;不注意,3,うっかり秘密を話してしまった。,不留神把秘密说出来了。
がっかり,がっかり,gakkari,副词/自动词,失望;灰心,3,試験に落ちてがっかりする。,考试没及格感到很失望。
すっきり,すっきり,sukkiri,副词/自动词,舒畅;整洁,3,部屋が片付いてすっきりした。,房间收拾干净了，感觉很舒畅。
ゆっくり,ゆっくり,yukkuri,副词/自动词,慢慢地;充裕地,3,ゆっくり休んでください。,请好好休息。
たっぷり,たっぷり,tappuri,副词/Na形容词,充分;足够,3,時間がたっぷりある。,时间很充裕。
アイディア,アイディア,aidia,名词,主意;想法;创意,1,いいアイディアが浮かんだ。,浮现出一个好主意。
アクセサリー,アクセサリー,akusesarii,名词,首饰;饰品,1,彼女はアクセサリーが好きだ。,她喜欢首饰。
アドバイス,アドバイス,adobaisu,名词/他动词,建议;忠告,1,先生にアドバイスをもらう。,得到老师的建议。
アナウンス,アナウンス,anaunsu,名词/他动词,广播;通知,0,駅でアナウンスが流れる。,车站里响起了广播。
アンケート,アンケート,ankeeto,名词,问卷调查,0,アンケートに協力する。,配合问卷调查。
イメージ,イメージ,imeeji,名词/他动词,印象;形象;想象,2,イメージ通りの部屋だ。,和想象中一样的房间。
インタビュー,インタビュー,intabyuu,名词/他动词,采访;面试,1,有名人にインタビューする。,采访名人。
インフレ,インフレ,infure,名词,通货膨胀,0,インフレで物価が上がる。,因为通货膨胀物价上涨。
エチケット,エチケット,etiketto,名词,礼节;礼仪,2,公共の場でのエチケット。,公共场合的礼仪。
エネルギー,エネルギー,enerugii,名词,能量;精力,2,エネルギーを節約する。,节约能源。
エンジン,エンジン,enjin,名词,引擎;发动机,1,車のエンジンをかける。,启动汽车引擎。
キャンセル,キャンセル,kyanseru,名词/他动词,取消,1,予約をキャンセルする。,取消预约。
キャンプ,キャンプ,kyanpu,名词/自动词,露营,1,週末にキャンプに行く。,周末去露营。
グラフ,グラフ,gurafu,名词,图表,1,グラフを見て分析する。,看图表进行分析。
クラス,クラス,kurasu,名词,班级;阶层,1,クラスで一番背が高い。,在班里个子最高。
グループ,グループ,guruupu,名词,小组;团体;群体,2,グループに分かれて話し合う。,分组进行讨论。
コース,コース,koosu,名词,路线;课程;套餐,1,マラソンのコースを確認する。,确认马拉松路线。
コーチ,コーチ,koochi,名词/他动词,教练;指导,1,テニスのコーチを受ける。,接受网球教练的指导。
コミュニケーション,コミュニケーション,komyunikeeshon,名词,交流;沟通,4,家族とのコミュニケーション。,与家人的沟通。
ゴム,ゴム,gomu,名词,橡胶;橡皮筋,1,髪をゴムで結ぶ。,用皮筋扎头发。
サービス,サービス,saabisu,名词/他动词,服务;折价,1,この店はサービスがいい。,这家店服务很好。
サイン,サイン,sain,名词/自动词,签名;信号,1,契約書にサインする。,在合同上签名。
サンプル,サンプル,sanpuru,名词,样品;样本,1,化粧品のサンプルをもらう。,领取化妆品样品。
スケジュール,スケジュール,sukejuuru,名词,日程;时间表,2,スケジュールを調整する。,调整日程。
スタート,スタート,sutaato,名词/自动词,出发;开始,2,レースがスタートした。,比赛开始了。
スタイル,スタイル,sutairu,名词,风格;身材,0,彼女はスタイルがいい。,她身材很好。
スタッフ,スタッフ,sutaffu,名词,工作人员,1,スタッフが丁寧に対応する。,工作人员礼貌地应对。
スピード,スピード,supiido,名词,速度,0,スピードを落として運転する。,减速行驶。
セット,セット,setto,名词/他动词,成套;设定,1,ハンバーガーのセットを頼む。,点一份汉堡套餐。
センター,センター,sentaa,名词,中心;中枢,1,ショッピングセンターに行く。,去购物中心。
タイプ,タイプ,taipu,名词,类型;型号,1,彼は私の好きなタイプだ。,他是我想喜欢的类型。
ダイヤ,ダイヤ,daiya,名词,时刻表;钻石,1,電車のダイヤが乱れる。,电车时刻表乱了。
タイトル,タイトル,taitoru,名词,标题;题目,1,映画のタイトルを決める。,决定电影的标题。
チャンス,チャンス,chansu,名词,机会,1,チャンスを逃さないで。,不要错过机会。
データ,データ,deeta,名词,数据;资料,1,パソコンのデータを保存する。,保存电脑数据。
デザイン,デザイン,dezain,名词/他动词,设计,2,おしゃれなデザインの服。,设计时尚的衣服。
トラブル,トラブル,toraburu,名词/自动词,纠纷;故障,2,近所の人とトラブルになる。,与邻居发生纠纷。
トレーニング,トレーニング,toreeningu,名词/自动词,训练;练习,2,毎日トレーニングを欠かさない。,每天坚持训练。
ドレス,ドレス,doresu,名词,礼服;连衣裙,1,結婚式でドレスを着る。,在婚礼上穿礼服。
ニュース,ニュース,nyuusu,名词,新闻,1,夜のニュースをチェックする。,查看晚间新闻。
ネットワーク,ネットワーク,nettowaaku,名词,网络,4,コンピューターのネットワーク。,计算机网络。
バランス,バランス,baransu,名词,平衡,0,栄養のバランスを考える。,考虑营养均衡。
ビデオ,ビデオ,bideo,名词,视频;录像,1,ビデオを撮影する。,拍摄视频。
プラス,プラス,purasu,名词/他动词,增加;正号;加,1,経験は将来にプラスになる。,经验对未来有好处。
プロ,プロ,puro,名词,职业;专业,1,プロの選手を目指す。,以职业选手为目标。
ベルト,ベルト,beruto,名词,皮带;腰带,0,ズボンのベルトを締める。,系上裤子的皮带。
マイナス,マイナス,mainasu,名词/自动词,减少;负号;减,1,気温がマイナス５度になる。,气温达到零下5度。
マナー,マナー,manaa,名词,礼貌;礼仪,1,食事のマナーを守る。,遵守用餐礼仪。
メニュー,メニュー,menyuu,名词,菜单,1,レストランでメニューを見る。,在餐厅看菜单。
メッセージ,メッセージ,messeegi,名词,消息;信息,1,友人にメッセージを送る。,给朋友发信息。
ルール,ルール,ruuru,名词,规则,1,交通ルールを守る。,遵守交通规则。
モデル,モデル,moderu,名词,模特;模型,1,彼女はプロのモデルだ。,她是个职业模特。
リサイクル,リサイクル,risaikuru,名词/他动词,回收;再利用,2,空き缶をリサイクルする。,回收空罐子。
レシート,レシート,reshiito,名词,收据;小票,0,スーパーでレシートをもらう。,在超市领取小票。
レンズ,レンズ,renzu,名词,镜片;镜头,1,カメラのレンズを拭く。,擦拭相机镜头。
ロッカー,ロッカー,rokkaa,名词,寄物柜;储物柜,1,駅のロッカーに荷物を預ける。,把行李存在车站的储物柜里。
ロボット,ロボット,robotto,名词,机器人,0,最新のロボットを開発する。,研发最新的机器人。
追いつく,おいつく,oitsuku,动词(自),赶上;追上,3,前のランナーに追いつく。,追上前面的跑步者。
追い越す,おいこす,oikosu,动词(他),超过;赶过,3,前の車を追い越す。,超过前面的车。
応援,おうえん,ooen,名词/他动词,加油;声援,0,地元のチームを応援する。,为家乡的队伍加油。
落ち着く,おちつく,ochitsuku,动词(自),静下来;沉着;安定,0,落ち着いて話してください。,请冷静地说话。
思い出す,おもいだす,omoidasu,动词(他),想起;回忆,4,子供の頃のことを思い出す。,想起小时候的事情。
思い込む,おもいこむ,omoikomu,动词(自),深信;固执地认为,4,自分が正しいと思い込む。,固执地认为自己是对的。
思いつく,おもいつく,omoitsuku,动词(他),想到;想起,4,いい案を思いついた。,想到了一个好主意。
書き直す,かきなおす,kakinaosu,动词(他),改写;重写,4,作文を書き直す。,重写作文。
片付く,かたづく,kataduku,动词(自),收拾好;解决,4,仕事がようやく片付いた。,工作终于处理完了。
気に入る,きにいる,kiniiru,词组,中意;喜欢,0,このデザインが気に入った。,我中意这个设计。
気にする,きにする,kinisuru,词组,介意;在乎,0,細かいことは気にしないで。,别在意细枝末节。
気になる,きになる,kininaru,词组,担心;挂念,0,明日の天気が気になる。,担心明天的天气。
区切る,くぎる,kugiru,动词(他),隔开;截止,2,文章を句読点で区切る。,用标点符号分隔文章。
組み立てる,くみたてる,kumitateru,动词(他),组装;构造,0,家具を組み立てる。,组装家具。
繰り返す,くりかえす,kurikaesu,动词(他),重复;反复,3,同じ間違いを繰り返さない。,不要重复同样的错误。
心強い,こころづよい,kokoroduyoi,I形容词,受鼓舞的;心里的,4,あなたがいてくれて心強い。,有你在我心里很踏实。
心細い,こころぼそい,kokorobosoi,I形容词,胆怯的;心里没底,4,一人で行くのは心細い。,一个人去心里没底。
差し上げる,さしあげる,sashiageru,动词(他),给(长辈);赠送,0,先生にプレゼントを差し上げる。,送给老师礼物。
払い戻す,はらいもどす,haraimodosu,动词(他),退还;退款,4,チケット代を払い戻す。,退还门票钱。
引き出す,ひきだす,hikidasu,动词(他),抽出;取出(钱),3,銀行でお金を引き出す。,在银行取钱。
引き受ける,ひきうける,hikiukeru,动词(他),承担;接手,4,面倒な仕事を引き受ける。,接手麻烦的工作。
申し込む,もうしこむ,moushikomu,动词(他),申请;提议,4,ツアーに申し込む。,报名参加旅行团。
目立つ,めだつ,medatsu,动词(自),显眼;引人注目,2,彼は背が高いので目立つ。,他因为个子高所以很显眼。
持ち上げる,もちあげる,mochiageru,动词(他),举起;抬起,0,重い荷物を持ち上げる。,举起沉重的行李。
払い込む,はらいこむ,haraikomu,动词(他),缴纳;分期付款,4,授業料を銀行で払い込む。,在银行缴纳学费。
話し合う,はなしあう,hanashiau,动词(自),交谈;协商,4,将来について話し合う。,就未来进行协商。
間に合う,まにあう,maniau,动词(自),赶得上;来得及,3,電車に間に合った。,赶上了电车。
見直す,みなおす,minaosu,动词(他),重看;重新评估,0,計画をもう一度見直す。,把计划再重新审视一遍。
見送る,みおくる,miokuru,动词(他),目送;送行;搁置,0,友達を駅で見送る。,在车站送朋友。
見慣れる,みなれる,minareru,动词(自),看惯;眼熟,0,見慣れない人が立っている。,站着一个面生的人。
診る,みる,miru,动词(他),诊断;诊察,1,医者に診てもらう。,请医生看病。
蒸す,むす,musu,动词(他/自),蒸;闷热,0,シュウマイを蒸す。,蒸烧麦。
命じる,めいじる,meijiru,动词(他),命令;任命,0,部下に作業を命じる。,命令下属工作。
恵まれる,めぐまれる,megumareu,动词(自),富有;眷顾;恩赐,0,才能に恵まれている。,富有才能。
儲ける,もうける,moukeru,动词(他),赚钱;赚取,3,株で大金を儲ける。,炒股赚了大钱。
基づく,もとづく,motoduku,动词(自),基于;根据,3,事実に基づいて判断する。,根据事实判断。
雇う,やとう,yatou,动词(他),雇佣,2,新しいスタッフを雇う。,雇佣新员工。
譲る,ゆずる,yuzuru,动词(他),让给;谦让,0,お年寄りに席を譲る。,给老人让座。
汚れる,よごれる,yogoreru,动词(自),脏;弄脏,0,服が泥で汚れた。,衣服被泥弄脏了。
寄る,よる,yoru,动词(自),靠近;顺便去,0,帰りにスーパーに寄る。,回家时顺便去趟超市。
喜ぶ,よろこぶ,yorokobu,动词(自/他),喜悦;高兴,3,合格を家族が喜ぶ。,家人为及格感到高兴。
略す,りゃくす,ryakusu,动词(他),省略;简写,1,名前を略して書く。,简写名字。
目指す,めざす,mezasu,动词(他),以...为目标,0,プロの歌手を目指す。,以职业歌手为目标。
あるいは,あるいは,aruiwa,连词,或者;或是,2,メールあるいは電話で知らせる。,通过邮件或者是电话通知。
それとも,それとも,soretomo,连词,或者;还是,3,コーヒーにしますか、それとも紅茶ですか。,您喝咖啡，还是红茶？
そして,そして,soshite,连词,而且;然后,0,雨が降り、そして風も強くなった。,下雨了，而且风也变大了。
それに,それに,soreni,连词,而且;再加上,0,この店は安くて、それに美味しい。,这家店便宜，而且还好吃。
それどころか,それどころか,soredokoroka,连词,岂止如此;反而,3,回復するどころか、悪化している。,不但没恢复，反而恶化了。
したがって,したがって,shitagatte,连词,因此;因而,0,不景気だ。したがって、売れ行きが悪い。,经济不景气。因此，销售情况不好。
ただし,ただし,tadashi,连词,但是;只不过,1,年中無休。ただし、年末年始は除く。,全年无休。但年底年初除外。
だから,だから,dakara,连词,所以;因此,1,雨だ。だから、傘を持っていく。,下雨了。所以带伞去。
ですから,ですから,desukara,连词,所以(礼貌),1,時間はあります。ですから、急がなくていい。,有时间。所以不用急。
ところで,ところで,tokorode,连词,话说回来;即便,3,ところで、明日の予定は？,话说回来，明天的计划是？
さて,さて,sate,连词,那么(转换话题),1,さて、次の問題に移りましょう。,那么，进入下一个问题吧。
もっとも,もっとも,mottomo,连词/Na形容词,虽然这么说;理所当然,3,彼は合格するよ。もっとも、運が良ければね。,他会合格的。虽然这么说，得运气好才行。
要するに,ようするに,yoosuruni,副词,总而言之,2,要するに、彼は行きたくないのだ。,总而言之，他就是不想去。
結局,けっきょく,kekkyoku,副词/名词,最后;结果,0,色々悩んだが、結局買わなかった。,烦恼了半天，结果还是没买。
やはり,やはり,yahari,副词,果然;还是,2,やはり、予想通りだった。,果然不出所料。
あいにく,あいにく,ainiku,副词/Na形容词,不凑巧,0,あいにく、今日は留守にしています。,不凑巧，今天不在家。
案外,あんがい,angai,副词/Na形容词,出乎意料地,1,テストは案外簡単だった。,考试出乎意料地简单。
いよいよ,いよいよ,iyoiyo,副词,终于;愈发,2,いよいよ明日出発だ。,终于明天要出发了。
うっかり,うっかり,ukkari,副词,不留神;无意中,3,うっかり秘密を漏らした。,不留神泄露了秘密。
恐らく,おそらく,osoraku,副词,恐怕;也许,2,恐らく、彼は来ないだろう。,恐怕，他不会来了。
思わず,おもわず,omowazu,副词,不由得;禁不住,2,あまりの痛さに、思わず叫んだ。,太疼了，不由得叫了出来。
決して,けっして,kesshite,副词,决(不);绝对(不),0,決して嘘はつきません。,绝对不撒谎。
さっぱり,さっぱり,sappari,副词,清爽;完全(不),3,シャワーを浴びてさっぱりした。,洗了个澡，感觉清爽多了。
相当,そうとう,soutou,副词/Na形容词,相当,0,今日は相当寒い。,今天相当冷。
大分,だいぶ,daibu,副词,很;相当,0,風邪は大分良くなった。,感冒好多了。
たとえ,たとえ,tatoe,副词,即使;纵然,2,たとえ雨でも、私は行きます。,即使下雨我也要去。
ついに,ついに,tsuini,副词,终于;直到最后,1,ついに、夢が叶った。,终于，梦想实现了。
常に,つねに,tsuneni,副词,经常;总是,1,常に努力を怠らない。,总是努力，不懈怠。
特に,とくに,tokuni,副词,特别;格外,1,今日の授業は特に難しい。,今天的课特别难。
突然,とつぜん,totsuzen,副词/名词,突然,0,突然、電気が消えた。,突然，灯灭了。
どんどん,どんどん,dondon,副词,接连不断地;顺利地,1,遠慮しないで、どんどん食べて。,别客气，快吃。
なるべく,なるべく,narubeku,副词,尽可能,0,なるべく早く来てください。,请尽可能快点来。
果たして,はたして,hatashite,副词,果然;到底,2,果たして、それは本当だろうか。,到底，那是不是真的呢。
一先ず,ひとまず,hitomazu,副词,暂且;先,2,ひとまず、これで安心だ。,暂且，这样就放心了。
ほぼ,ほぼ,hobo,副词,大致;几乎,1,工事はほぼ完成した。,工程大致完成了。
正に,まさに,masani,副词,真正;确实;正要,1,正に、その通りだ。,确实如你所说。
もしも,もしも,moshimo,副词,万一;假如,1,もしもの時は、私に頼って。,万一有事，请依靠我。
漸く,ようやく,youyaku,副词,好不容易;终于,0,ようやく雨が止んだ。,雨终于停了。
わくわく,わくわく,wakuwaku,副词/自动词,欢欣雀跃;兴奋,1,旅行の前でわくわくする。,旅行前感到兴奋。
わざと,わざと,wazato,副词,故意地,1,わざと負けた。,故意输了。
わざわざ,わざわざ,wazawaza,副词,特意;专程,2,わざわざお越しいただき、ありがとうございます。,感谢您百忙之中特意赶来。
割合,わりあい,wariai,副词/名词,比例;比较地,0,今年の冬は割合暖かい。,今年冬天比较暖和。
ウイルス,ウイルス,uirusu,名词,病毒,2,コンピューターがウイルスに感染した。,电脑感染了病毒。
エネルギー,エネルギー,enerugii,名词,能量;精力,2,エネルギーを節約する。,节约能源。
デジタル,デジタル,dejitaru,名词,数码;数字,1,デジタルカメラで撮影する。,用数码相机拍摄。
ペンキ,ペンキ,penki,名词,油漆,0,壁にペンキを塗る。,在墙上刷油漆。
ケース,ケース,keesu,名词,案例;容器;盒子,1,特殊なケースとして処理する。,作为特殊案例处理。
プラスチック,プラスチック,purasuchikku,名词,塑料,4,プラスチック製の容器。,塑料制的容器。
ストーリー,ストーリー,sutoorii,名词,故事;情节,2,この映画のストーリーは面白い。,这部电影的情节很有趣。
ヒット,ヒット,hitto,名词/自动词,畅销;击球,1,新曲がヒットしている。,新歌正大受欢迎。
レンタル,レンタル,rentaru,名词/他动词,出租;租赁,1,レンタカーを借りる。,租用出租车。
タイプ,タイプ,taipu,名词,类型;型号,1,最新のタイプのパソコン。,最新型号的电脑。
セット,セット,setto,名词/他动词,成套;设定;布景,1,ハンバーガーとポテトをセットで買う。,成套购买汉堡和薯条。
ケース,ケース,keesu,名词,案例;盒子;容器,1,眼鏡をケースに入れる。,把眼镜放入盒子里。
プラスチック,プラスチック,purasuchikku,名词,塑料,4,プラスチックのゴミを分別する。,对塑料垃圾进行分类。
ストーリー,ストーリー,sutoorii,名词,故事情节,2,ストーリーが複雑で分かりにくい。,故事情节复杂难懂。
ヒット,ヒット,hitto,名词/自动词,畅销;大受欢迎,1,その商品は世界中でヒットした。,那个商品在全世界大受欢迎。
通じる,つうじる,tsuujiru,动词(自),通往;传达;通晓,0,彼の日本語はどこでも通じる。,他的日语在哪里都能让人听懂。
つながる,つながる,tsunagaru,动词(自),连接;联系,0,努力が成功につながる。,努力会通向成功。
つなぐ,つなぐ,tsunagu,动词(他),连接;系,0,手をしっかりとつなぐ。,紧紧牵手。
重なる,かさなる,kasanaru,动词(自),重叠;重复,0,悪いことは重なるものだ。,坏事总是接踵而至。
重ねる,かさねる,kasaneru,动词(他),堆叠;反复,0,努力を重ねて優勝した。,经过反复努力获得了冠军。
載る,のる,noru,动词(自),登载;刊登,0,新聞に私の記事が載った。,报纸上刊登了我的文章。
載せる,のせる,noseru,动词(他),装载;刊登;发表,0,トラックに荷物を載せる。,把货物装上卡车。
そろう,そろう,sorou,动词(自),齐备;到齐,2,書類が全部そろった。,文件全部齐备了。
そろえる,そろえる,soroeru,动词(他),备齐;弄整齐,3,靴をそろえて玄関に置く。,把鞋子摆整齐放在玄关。
固まる,かたまる,katamaru,动词(自),凝固;固定;聚集,0,液体が冷えて固まった。,液体冷却凝固了。
固める,かためる,katameru,动词(他),加固;使凝固;坚定,0,意志を固めて出発する。,坚定意志出发。
広まる,ひろまる,hiromaru,动词(自),传开;普及,0,その噂はすぐに広まった。,那个传闻很快传开了。
広める,ひろめる,hiromeru,动词(他),扩大;推广;传播,0,新しい技術を世界に広める。,向世界推广新技术。
強まる,つよまる,tsuyomaru,动词(自),加强;增强,3,雨が次第に強まってきた。,雨势逐渐增强。
強める,つよめる,tsuyomeru,动词(他),加强;强化,3,警戒を強める。,加强警戒。
弱まる,よわまる,yowamaru,动词(自),减弱;变弱,3,風が弱まってきた。,风势变弱了。
弱める,よわめる,yowameru,动词(他),削弱;弄弱,3,火を弱めて煮込む。,调小火炖。
高まる,たかまる,takamaru,动词(自),提高;高涨,3,期待が高まっている。,期待感正在高涨。
高める,たかめる,takameru,动词(他),提高;提升,3,能力を高めるために勉強する。,为了提高能力而学习。
深まる,ふかまる,fukamaru,动词(自),加深;深厚,3,秋が深まってきた。,秋意渐浓。
深める,ふかめる,fukameru,动词(他),加深;深化,3,交流を深める会を開く。,举行加深交流的会议。
薄まる,うすまる,usumaru,动词(自),变淡;变稀,0,氷が溶けて味が薄まった。,冰化了，味道变淡了。
薄める,うすめる,usumeru,动词(他),弄淡;稀释,0,お湯でスープを薄める。,用热水稀释汤。
埋まる,うまる,umaru,动词(自),埋着;填满,0,予定がびっしり埋まっている。,日程被排得满满的。
埋める,うめる,umeru,动词(他),埋;填补,0,穴を土で埋める。,用土填穴。
広がる,ひろがる,hirogaru,动词(自),蔓延;展开,0,目の前に海が広がっている。,大海在眼前展开。
広げる,ひろげる,hirogeru,动词(他),展开;扩大,0,地図を広げて道を確認する。,展开地图确认路线。
捕まる,つかまる,tsukamaru,动词(自),被捕;拽住,0,犯人が警察に捕まった。,犯人被警察抓住了。
捕まえる,つかまえる,tsukamaeru,动词(他),抓住;捉拿,0,泥棒を捕まえる。,捉拿小偷。
震える,ふるえる,furueru,动词(自),发抖;震动,0,寒さで体が震える。,身体因寒冷而发抖。
輝く,かがやく,kagayaku,动词(自),闪耀;辉煌,3,星が夜空に輝いている。,星星在夜空闪耀。
浮かぶ,うかぶ,ukabu,动词(自),浮;浮现;想起,0,いいアイディアが浮かんだ。,浮现出一个好主意。
浮かべる,うかべる,ukaberu,动词(他),使漂浮;露出(表情),4,池にボートを浮かべる。,使小船浮在池塘里。
潜る,くぐる,kuguru,动词(自),钻过;穿过,2,門をくぐって中に入る。,穿过门进入内部。
叫ぶ,さけぶ,sakebu,动词(自),大声叫;呼吁,2,助けてと叫ぶ。,大声叫救命。
叩く,たたく,tataku,动词(他),拍打;敲,2,ドアをトントンと叩く。,咚咚地敲门。
奪う,うばう,ubau,动词(他),夺取;迷住,2,命を奪うような事故。,夺取生命的事故。
祝う,いわう,iwau,动词(他),庆祝;祝贺,2,誕生日を家族で祝う。,全家庆祝生日。
嫌う,きらう,kirau,动词(他),讨厌;不喜欢,2,彼は嘘を嫌う。,他讨厌谎言。
願う,ねがう,negau,动词(他),请求;愿望,2,世界平和を願う。,祝愿世界和平。
通う,かよう,kayou,动词(自),通勤;往来,0,毎日バスで学校に通う。,每天坐公交车上学。
合う,あう,au,动词(自),合适;一致,1,この靴はサイズが合わない。,这双鞋尺寸不合。
似合う,にあう,niau,动词(自),适合;相称,2,その服、よく似合っているよ。,那件衣服很适合你哦。
間に合う,まにあう,maniau,动词(自),赶得上;来得及,3,今ならまだ終電に間に合う。,现在的话还赶得上末班车。
見合う,みあう,miau,动词(自),相称;平衡,2,収入に見合う生活をする。,过着与收入相称的生活。
向かう,むかう,mukau,动词(自),面向;前往,0,今、駅に向かっています。,现在正往车站走。
支払う,しはらう,shiharau,动词(他),支付;付款,3,料金をカードで支払う。,用信用卡支付费用。
会う,あう,au,动词(自),见面;遇到,1,久しぶりに友達に会う。,久违地和朋友见面。
味わう,あじわう,ajiwau,动词(他),品尝;体验,3,本場の料理を味わう。,品尝地道的料理。
扱う,あつかう,atsukau,动词(他),对待;处理;操作,3,壊れ物を丁寧に扱う。,小心处理易碎物品。
誘う,さそう,sasou,动词(他),邀请;诱导,0,友達を映画に誘う。,邀请朋友看电影。
従う,したがう,shitagau,动词(自),服从;跟随;按照,0,規則に従って行動する。,按照规则行动。
伴う,ともなう,tomonau,动词(自/他),伴随;随着,3,危険を伴う作業。,伴随危险的工作。
縫う,ぬう,nuu,动词(他),缝纫;缝补,1,破れたところを縫う。,缝补破了的地方。
酔う,よう,you,动词(自),醉;晕(车、船),0,お酒を飲みすぎて酔った。,酒喝多了醉了。
奪う,うばう,ubau,动词(他),夺取;抢夺,2,命を奪うような事故。,夺取性命般的事故。
覆う,おおう,oou,动词(他),覆盖;遮盖,0,山が雪で覆われている。,山被雪覆盖着。
狂う,くるう,kuruu,动词(自),发狂;失灵;出乱子,2,予定が狂ってしまった。,计划被打乱了。
誓う,ちかう,chikau,动词(他),发誓;宣誓,2,心に固く誓う。,在心里暗暗发誓。
揃う,そろう,sorou,动词(自),到齐;齐全;成双,2,家族全員が揃って食事をする。,全家人聚齐吃饭。
戦う,たたかう,tatakau,动词(自),战斗;比赛;斗争,0,病気と戦っている。,正在与病魔斗争。
叩く,たたく,tataku,动词(他),拍打;敲,2,隣の人の肩を叩く。,拍拍旁边人的肩膀。
畳む,たたむ,tatamu,动词(他),折叠;关闭(店铺),0,洗濯物を畳む。,叠衣服。
微笑む,ほほえむ,hohoemu,动词(自),微笑,3,赤ちゃんが微笑んでいる。,婴儿在微笑。
刻む,きざむ,kizamu,动词(他),切碎;雕刻;铭记,0,野菜を細かく刻む。,把蔬菜切得很碎。
挟む,はさむ,hasamu,动词(他),夹;隔;插入,2,パンにハムを挟む。,在面包里夹火腿。
慎む,つつしむ,tsutsushimu,动词(他),慎重;节制,3,言葉を慎みなさい。,说话请慎重。
払い込む,はらいこむ,haraikomu,动词(他),缴纳;交款,4,銀行で税金を払い込む。,在银行缴纳税金。
飛び込む,とびこむ,tobikomu,动词(自),跳入;飞入,3,池に飛び込む。,跳进池塘。
煮込む,にこむ,nikomu,动词(他),炖;熬,2,弱火でじっくり煮込む。,用小火慢慢炖。
組み込む,くみこむ,kumikomu,动词(他),编入;列入,3,予算に組み込む。,列入预算。
突っ込む,つっこむ,tsukkomu,动词(他/自),闯入;插进;深入钻研,3,ポケットに手を突っ込む。,把手插进兜里。
引っ込む,ひっこむ,hikkomu,动词(自),退居;缩进;凹进,0,奥の部屋へ引っ込む。,退到里面的房间里去。
読み込む,よみこむ,yomikomu,动词(他),读入;反复读,3,データを読み込む。,读入数据。
頼み込む,たのみこむ,tanomikomu,动词(他),恳求;再三请求,4,無理を言って頼み込む。,说些过分的要求恳求别人。
冷え込む,ひえこむ,hiekomu,动词(自),剧冷;突然变冷,0,今夜は冷え込みそうだ。,今晚好像要剧烈降温。
飲み込む,のみこむ,nomikomu,动词(他),咽下;领会,0,薬を水で飲み込む。,用水服下药片。
思い込む,おもいこむ,omoikomu,动词(自),深信;固执地认为,4,彼が犯人だと思い込む。,深信他就是犯人。
書き込む,かきこむ,kakikomu,动词(他),填入;写进,3,ノートに予定を書き込む。,在笔记本上写下计划。
持ち込む,もちこむ,mochikomu,动词(他),带入;提出(议案),0,飲食物を持ち込まないでください。,请勿携带食物进入。
申し込む,もうしこむ,moushikomu,动词(他),申请;提议,4,結婚を申し込む。,求婚。
あちこち,あちこち,achikochi,副词,到处;处处,2,あちこち探して見つけた。,到处寻找终于找到了。
そわそわ,そわそわ,sowasowa,副词/自动词,坐立不安;心神不定,1,発表前でそわそわしている。,发表前感到坐立不安。
のろのろ,のろのろ,noronoro,副词/自动词,迟缓;慢吞吞地,1,渋滞で車がのろのろ進む。,因为堵车，车行进得慢吞吞的。
ふらふら,ふらふら,furafura,副词/自动词,摇晃;头晕;游荡,1,熱があって頭がふらふらする。,因为发烧头晕脑胀。
ぶらぶら,ぶらぶら,burabura,副词/自动词,闲逛;溜达;摇晃,1,近所をぶらぶら散歩する。,在附近闲逛散步。
ぺこぺこ,ぺこぺこ,pekopeko,副词/自动词,饿透了;点头哈腰,0,お腹がぺこぺこだ。,肚子饿瘪了。
ますます,ますます,masumasu,副词,更加;越发,1,雨がますます強くなった。,雨下得越来越大了。
めっきり,めっきり,mekkiri,副词,显著地;明显地,2,最近めっきり寒くなった。,最近明显变冷了。
もしかしたら,もしかしたら,moshikashitara,副词,也许;可能,4,もしかしたら彼は来ないかもしれない。,也许他不会来了。
物凄く,ものすごく,monosugoku,副词,极其;非常,3,物凄く美味しい料理。,非常好吃的料理。
ようやく,ようやく,youyaku,副词,好不容易;终于,0,ようやく仕事が終わった。,工作终于结束了。
よほど,よほど,yohodo,副词,相当;很;很想,0,よほど疲れていたのだろう。,应该是相当累了吧。
案外,あんがい,angai,副词/Na形容词,意外地;出乎意料,1,案外、テストは簡単だった。,考试出乎意料地简单。
意外,いがい,igai,Na形容词,意外;想不到,0,それは意外な結果だった。,那是意想不到的结果。
うっかり,うっかり,ukkari,副词/自动词,不留神;无意中,3,うっかり秘密を話してしまった。,不留神把秘密说漏了。
お互い,おたがい,otagai,名词/副词,互相;彼此,0,お互いに助け合いましょう。,让我们互相帮助。
がっかり,がっかり,gakkari,副词/自动词,失望;灰心,3,不合格でがっかりした。,因为没及格而感到失望。
勝手,かって,katte,Na形容词/名词,任意;随便;方便,0,勝手な行動は慎んでください。,请不要随意行动。
我慢,がまん,gaman,名词/他动词,忍耐;忍受,1,痛いのを我慢する。,忍住疼痛。
気味,ぎみ,gimi,接尾词,有点...;稍微...,0,今日は風邪気味だ。,今天有点感冒。
結局,けっきょく,kekkyoku,副词/名词,最后;结果,0,結局、彼は来なかった。,结果他没来。
後悔,こうかい,kookai,名词/他动词,后悔,1,後で後悔しても遅い。,事后后悔也晚了。
合計,ごうけい,gookee,名词/他动词,合计;总计,0,代金の合計を計算する。,计算金额总计。
交代,こうたい,kootai,名词/自动词,轮换;交替,0,運転を交代する。,轮流开车。
さっぱり,さっぱり,sappari,副词/自动词,清爽;完全(不),3,シャワーを浴びてさっぱりした。,洗完澡感觉清爽了。
質,しつ,shitsu,名词,质;质量,0,商品の質がいい。,商品的质量好。
実,じつ,jitsu,名词/副词,真实;其实,0,実は、お伝えしたいことがあります。,其实我有话想跟您说。
実際,じっさい,jissai,名词/副词,实际;事实上,0,実際に行ってみないとわからない。,不实际去看看是不会明白的。
自分,じぶん,jibun,名词,自己,0,自分のことは自分でやる。,自己的事情自己做。
自由,じゆう,jiyuu,名词/Na形容词,自由,2,自由な時間が増えた。,自由的时间增加了。
寿命,じゅみょう,jumyoo,名词,寿命,0,この機械は寿命が来た。,这台机器寿命到头了。
順,じゅん,jun,名词/接尾词,顺序,0,背の順に並ぶ。,按身高顺序排列。
順番,じゅんばん,junban,名词,轮番;顺序,0,順番を待つ。,等待轮到自己。
準備,じゅんび,junbi,名词/他动词,准备,1,旅行の準備をする。,做旅行准备。
所,ところ,tokoro,名词,地方;处;时候,0,いい所へ連れて行く。,带你去个好地方。
初め,はじめ,hajime,名词,开始;最初,0,初めは難しかった。,起初很难。
始まり,はじまり,hajimari,名词,开始;起源,0,物語の始まり。,故事的开篇。
場所,ばしょ,basho,名词,场所;位置,0,待ち合わせの場所を決める。,决定集合地点。
場合,ばあい,baai,名词,情况;场合,0,雨天の場合は中止です。,如下雨则中止。
反対,はんたい,hantai,名词/自动词,相反;反对,0,彼の意見に反対する。,反对他的意见。
一晩,ひとばん,hitoban,名词,一晚;一整夜,2,一晩中本を読んだ。,读了一整夜的书。
表面,ひょうめん,hyoomen,名词,表面;外表,3,表面をきれいに磨く。,把表面擦拭干净。
平等,びょうどう,byoodoo,名词/Na形容词,平等,0,男女平等の社会。,男女平等的社会。
評判,ひょうばん,hyooban,名词,评价;名声,0,あの店は評判がいい。,那家店评价很好。
広場,ひろば,hiroba,名词,广场,1,駅前の広場に集まる。,在站前广场集合。
風景,ふうけい,fuukee,名词,风景;景色,1,窓からの風景が素晴らしい。,窗外的风景极好。
無事,ぶじ,buji,名词/Na形容词,平安;安好,0,無事に帰国した。,平安回国了。
普通,ふつう,futsuu,名词/Na形容词/副词,普通;一般,0,普通の生活が一番だ。,普通的生活最好。
物理,ぶつり,butsuri,名词,物理,1,物理の試験を受ける。,参加物理考试。
文化,ぶんか,bunka,名词,文化,1,日本の文化を学ぶ。,学习日本文化。
文章,ぶんしょう,bunshoo,名词,文章,1,短い文章を書く。,写短文。
平均,へいきん,heekin,名词/他动词,平均,0,テストの平均点。,考试的平均分。
変化,へんか,henka,名词/自动词,变化,1,時代の変化に対応する。,应对时代的变化。
勉強,べんきょう,benkyoo,名词/他动词,学习;便宜,0,日本語を勉強する。,学习日语。
方法,ほうほう,hoohoo,名词,方法,0,解決する方法を探す。,寻找解决方法。
方向,ほうこう,hookoo,名词,方向,0,方向を間違える。,搞错方向。
放送,ほうそう,hoosoo,名词/他动词,广播;播放,0,ニュースを放送する。,播放新闻。
法律,ほうりつ,hooritsu,名词,法律,0,法律を守る。,遵守法律。
僕,ぼく,boku,代词,我(男性用),1,僕は学生です。,我是学生。
誇り,ほこり,hokori,名词,自豪;骄傲,0,仕事に誇りを持つ。,对工作感到自豪。
埃,ほこり,hokori,名词,灰尘;尘土,0,部屋が埃っぽい。,房间里灰扑扑的。
保証,ほしょう,hoshoo,名词/他动词,保证;担保,0,品質を保証する。,保证质量。
仏像,ぶつぞう,butsuzoo,名词,佛像,0,寺で古い仏像を拝む。,在寺庙里拜古佛像。
布団,ふとん,futon,名词,被褥;垫子,0,布団を干す。,晒被子。
船,ふね,fune,名词,船,1,船で海を渡る。,乘船渡海。
不満,ふまん,fuman,名词/Na形容词,不满,0,給料に不満がある。,对工资不满。
プラス,プラス,purasu,名词/他动词,加;正号;利益,1,プラスの考え方をする。,抱有积极的思维方式。
不利,ふり,furi,名词/Na形容词,不利,1,試合が不利に進む。,比赛进展不利。
振り,ふり,furi,名词/接尾词,样子;假装,0,知らない振りを中る。,装作不知道的样子。
振替,ふりかえ,furikae,名词/他动词,调换;转账,0,振替休日を利用する。,利用调休。
プリント,プリント,purinto,名词/他动词,印刷;讲义;打印,0,先生がプリントを配る。,老师分发讲义。
ブレーキ,ブレーキ,bureeki,名词,刹车,2,急ブレーキをかける。,踩急刹车。
プロ,プロ,puro,名词,专业;职业,1,プロの選手を目指す。,以职业选手为目标。
風呂,ふろ,furo,名词,澡盆;浴室,0,お風呂に入る。,洗澡。
分,ぶん,bun,名词/接尾词,部分;身份;成分,1,自分の分のケーキを食べる。,吃掉属于自己的那份蛋糕。
文,ぶん,bun,名词,文章;句子,1,短い文を作る。,造短句。
文学,ぶんがく,bungaku,名词,文学,1,日本文学を専攻する。,专业是日本文学。
文芸,ぶんげい,bungei,名词,文艺,0,文芸雑誌を読む。,读文艺杂志。
文献,ぶんけん,bunken,名词,文献,0,図書館で文献を調べる。,在图书馆查阅文献。
文庫,ぶんこ,bunko,名词,文库;小册子,0,文庫本を買う。,买文库本（袖珍本）。
文章,ぶんしょう,bunshoo,名词,文章,1,文章を丁寧に書く。,认真写文章。
分野,ぶんや,bunya,名词,领域;范围,1,新しい分野に挑戦する。,挑战新领域。
平均,へいきん,heekin,名词/他动词,平均,0,テストの平均点。,考试的平均分。
平方,へいほう,heihoo,名词,平方,0,十平方メートルの広さ。,十平方米的面积。
平和,へいわ,heiwa,名词/Na形容词,和平,0,世界の平和を願う。,祝愿世界和平。
別,べつ,betsu,名词/Na形容词,区别;另外,0,別の方法を試す。,尝试另一种方法。
変化,へんか,henka,名词/自动词,变化,1,時代の変化を感じる。,感受时代的变化。
勉強,べんきょう,benkyoo,名词/他动词,学习;便宜,0,勉強不足を痛感する。,深感学习不足。
便利,べんり,benri,Na形容词,方便,1,交通が便利な所。,交通便利的地方。
貿易,ぼうえき,booeki,名词/自动词,贸易,0,貿易会社に勤める。,在贸易公司工作。
防衛,ぼうえい,booei,名词/他动词,防卫;防御,0,国を守る防衛力。,保卫国家的防御力量。
放送,ほうそう,hoosoo,名词/他动词,广播;播放,0,ニュース番組を放送する。,播放新闻节目。
方法,ほうほう,hoohoo,名词,方法,0,いい方法が見つかる。,找到了好方法。
方面,ほうめん,hoomen,名词/接尾词,方面;方向,3,東京方面の電車。,东京方向的电车。
訪問,ほうもん,hoomon,名词/他动词,访问;拜访,0,取引先を訪問する。,拜访客户。
法律,ほうりつ,hooritsu,名词,法律,0,法律を遵守する。,遵守法律。
僕,ぼく,boku,代词,我(男性),1,僕は学生です。,我是学生。
募集,ぼしゅう,boshuu,名词/他动词,募集;招募,0,新入社員を募集する。,招募新员工。
保証,ほしょう,hoshoo,名词/他动词,保证;担保,0,品質を保証する。,保证质量。
保存,ほぞん,hozon,名词/他动词,保存;储藏,0,冷凍して保存する。,冷冻保存。
誇り,ほこり,hokori,名词,自豪;骄傲,0,仕事に誇りを持つ。,对工作感到自豪。
埃,ほこり,hokori,名词,灰尘;尘土,0,埃を払う。,掸掉灰尘。
星,ほし,hoshi,名词,星星;干得好,0,星が綺麗に見える。,星星看起来很美。
欲しい,ほしい,hoshii,I形容词,想要,2,新しい靴が欲しい。,想要新鞋。
補充,ほじゅう,hojuu,名词/他动词,补充,0,欠員を補充する。,补充空缺。
保証,ほしょう,hoshoo,名词/他动词,保证;担保,0,契約内容を保証する。,保证合同内容。
歩行,ほこう,hokoo,名词/自动词,步行,0,歩行者天国。,步行街（行人天堂）。
仏,ほとけ,hotoke,名词,佛;死者;慈悲的人,0,仏の顔も三度まで。,事不过三（佛颜亦不过三）。
骨,ほね,hone,名词,骨头;劳神,0,骨を折る。,骨折;费劲。
微笑み,ほほえみ,hohoemi,名词,微笑,0,微笑みを浮かべる。,露出微笑。
褒める,ほめる,homeru,动词(他),表扬;赞扬,2,先生に褒められた。,被老师表扬了。
翻訳,ほんやく,honyaku,名词/他动词,翻译;笔译,0,日本の小説を翻訳する。,翻译日本小说。
参る,まいる,mairu,动词(自),来;去(逊让语);吃不消,1,お参りに行く。,去参拜。
任せる,まかせる,makaseru,动词(他),委托;任凭,3,仕事は彼に任せる。,把工作托付给他。
間に合う,まにあう,maniau,动词(自),赶得上;足够,3,終電に間に合う。,赶得上末班车。
守る,まもる,mamoru,动词(他),守护;遵守,2,約束を必ず守る。,一定遵守约定。
迷う,まよう,mayou,动词(自),迷路;困惑;犹豫,2,道に迷ってしまった。,迷路了。
回る,まわる,mawaru,动词(自),旋转;转弯;巡回,0,地球は太陽の周りを回る。,地球绕着太阳转。
回す,まわす,mawasu,动词(他),转动;传送;轮换,0,ハンドルを右に回す。,把方向盘向右转。
満足,まんぞく,manzoku,名词/自动词/Na形容词,满意;满足,1,今の生活に満足している。,对现在的生活很满意。
見上げる,みあげる,miageru,动词(他),仰望;钦佩,0,夜空を見上げる。,仰望夜空。
見下ろす,みおろす,miorosu,动词(他),俯瞰;看不起,0,山頂から街を見下ろす。,从山顶俯瞰街道。
満ちる,みちる,michiru,动词(自),充满;期满,2,自信に満ちた表情。,充满自信的表情。
認める,みとめる,mitomeru,动词(他),承认;认可;看见,0,自分の非を認める。,承认自己的错误。
見舞う,みまう,mimau,动词(他),探望;遭受,0,入院中の友人をみまう。,探望住院的朋友。
向かう,むかう,mukau,动词(自),面向;前往,0,目的地に向かって走る。,向着目的地跑。
向ける,むける,mukeru,动词(他),朝向;指向,0,カメラをこちらに向ける。,把相机对着这边。
無視,むし,mushi,名词/他动词,忽视;无视,1,信号を無視してはいけない。,不能无视红绿灯。
結ぶ,むすぶ,musubu,动词(他),结;系;连接;缔结,0,靴の紐を結ぶ。,系鞋带。
目立つ,めだつ,medatsu,动词(自),显眼;引人注目,2,彼は背が高いので目立つ。,他因为个子高所以很显眼。
申し込む,もうしこむ,moushikomu,动词(他),申请;提议,4,ボランティアに申し込む。,申请做志愿者。
戻る,もどる,modoru,动词(自),返回;倒退,2,すぐに席に戻る。,立刻回到座位。
戻す,もどす,modosu,动词(他),退回;还原;呕吐,2,本を元の場所に戻す。,把书放回原处。
基づく,もとづく,motoduku,动词(自),基于;根据,3,事実に基づいて判断する。,根据事实进行判断。
求める,もとめる,motomeru,动词(他),寻求;要求;购买,3,平和を求めて戦う。,为了寻求和平而战。
物音,ものおと,monooto,名词,响声;声音,0,隣の部屋で物音がした。,隔壁房间有响声。
文句,もんく,monku,名词,怨言;词句;抱怨,0,文句を言うのをやめる。,停止抱怨。
焼く,やく,yaku,动词(他),烤;烧;冲洗(照片),0,ステーキを焼く。,煎牛排。
焼ける,やける,yakeru,动词(自),烧掉;烤熟;红通通,0,パンが美味しそうに焼けた。,面包烤得看起来很好吃。
役立つ,やくだつ,yakudatsu,动词(自),有用;有益,3,この本は勉強に役立つ。,这本书对学习有帮助。
雇う,やとう,yatou,动词(他),雇佣;租用,2,新しい秘書を雇う。,雇佣新秘书。
辞める,やめる,yameru,动词(他),辞去;停止,0,今の仕事を辞める。,辞去现在的工作。
止む,やむ,yamu,动词(自),停;息,0,ようやく雨が止んだ。,雨终于停了。
許す,ゆるす,yurusu,动词(他),允许;宽恕,2,過ちを許す。,宽恕错误。
揺れる,ゆれる,yureru,动词(自),摇晃;动摇,0,地震で家が大きく揺れた。,地震使房子剧烈摇晃。
汚れる,よごれる,yogoreru,动词(自),脏;弄脏,0,服が泥で汚れた。,衣服被泥弄脏了。
汚す,よごす,yogosu,动词(他),弄脏;玷污,2,部屋を汚さないで。,别弄脏房间。
寄る,よる,yoru,动词(自),靠近;顺路去,0,帰りに本屋に寄る。,回家路上顺便去书店。
寄せる,よせる,yoseru,动词(他),靠近;招集;寄送,0,車を端に寄せる。,把车靠向路边。
喜ぶ,よろこぶ,yorokobu,动词(自/他),喜悦;高兴,3,合格を家族が喜ぶ。,家人为及格感到高兴。
略す,りゃくす,ryakusu,动词(他),省略;简写,1,名前を略して書く。,简写名字。
料金,りょうきん,ryookin,名词,费用;过路费,1,サービス料金が含まれている。,包含了服务费。
流行,りゅうこう,ryuukoo,名词/自动词,流行;时髦,0,インフルエンザが流行している。,流感正在流行。
利用,りよう,riyoo,名词/他动词,利用;使用,0,公共施設を利用する。,利用公共设施。
理解,りかい,rikai,名词/他动词,理解;明了,1,相手の立場を理解する。,理解对方的立场。
理想,りそう,risoo,名词,理想,0,理想の相手と出会う。,遇到了理想的对象。
留守,るす,rusu,名词,不在家;看家,1,あいにく主人は留守です。,不凑巧我先生不在家。
礼儀,れいぎ,reigi,名词,礼仪;礼貌,0,礼儀正しい若者。,礼貌周到的年轻人。
冷房,れいぼう,reiboo,名词/他动词,空调(冷气),0,冷房を強くする。,加强冷气。
冷静,れいせい,reisei,名词/Na形容词,冷静,0,冷静な判断を下す。,做出冷静的判断。
列,れつ,retsu,名词,列;队,1,長い列に並ぶ。,排长队。
練習,れんしゅう,renshuu,名词/他动词,练习,0,ピアノを毎日練習する。,每天练习钢琴。
沸く,わく,waku,动词(自),烧开;沸腾;激动,0,お風呂が沸いた。,洗澡水烧好了。
沸かす,わかす,wakasu,动词(他),烧开;使沸腾,0,お湯を沸かす。,烧开水。
分かる,わかる,wakaru,动词(自),明白;了解,2,理由が分からない。,不明白理由。
分かれる,わかれる,wakateru,动词(自),分开;分歧,3,道が二つに分かれている。,路分成了两条。
分ける,わける,wakeru,动词(他),划分;分开,2,グループに分ける。,分组。
別れる,わかれる,wakateru,动词(自),离别;分手,3,駅で友人と別れる。,在车站与朋友告别。
若まる,わかまる,wakamaru,动词(自),变年轻,3,気持ちが若まる。,心情变年轻。
若める,わかめる,wakameru,动词(他),使年轻,3,服装が人を若める。,服装使人显得年轻。
沸き上がる,わきあがる,wakiagaru,动词(自),涌现;沸腾;欢腾,4,歓声が沸き上がる。,欢呼声四起。
渡る,わたる,wataru,动词(自),渡;过;经过,0,横断歩道を渡る。,过人行道。
渡す,わたす,watasu,动词(他),交给;递给;渡(河),0,手紙を渡す。,递交信件。
笑う,わらう,warau,动词(自/他),笑;嘲笑,0,大声で笑う。,大声笑。
割れる,われる,wareru,动词(自),破碎;裂开,0,コップが割れた。,杯子碎了。
割る,わる,waru,动词(他),打碎;切开;除以,0,卵を割る。,打鸡蛋。
我々,われわれ,wareware,代词,我们,0,我々のチームが勝った。,我们的队伍赢了。
湾,わん,wan,名词,海湾,1,東京湾を船で行く。,乘船经过东京湾。
わずか,わずか,wazuka,副词/Na形容词,仅仅;稍微,1,わずかな時間も惜しむ。,珍惜哪怕一点点时间。
和,わ,wa,名词,和;总和;和平,1,和を重んじる。,重视和谐。
罠,わな,wana,名词,陷阱;圈套,1,罠にかかる。,落入陷阱。
詫びる,わびる,wabiru,动词(他),道歉;赔礼,2,不手際を詫びる。,为失误道歉。
枠,わく,waku,名词,框架;范围,2,予算の枠を超える。,超出预算范围。
惑星,わくせい,wakusei,名词,行星,0,太陽系の惑星。,太阳系的行星。
ワクチン,ワクチン,wakuchin,名词,疫苗,2,ワクチンを接種する。,接种疫苗。
わざわざ,わざわざ,wazawaza,副词,特意;专门,2,わざわざお越しいただき恐縮です。,感谢您特意过来，实在汗颜。
わずらわしい,わずらわしい,wazurawashii,I形容词,繁琐的;麻烦的,5,わずらわしい手続き。,繁琐的手续。
綿,わた,wata,名词,棉花;棉织品,0,布団に綿を入れる。,在被子里装棉花。
話題,わだい,wadai,名词,话题,0,話題が豊富だ。,话题丰富。
和服,わふく,wafuku,名词,和服,0,和服を着る。,穿和服。
和食,わしょく,washoku,名词,日餐;和食,0,健康のために和食を食べる。,为了健康吃日食。
脇,わき,waki,名词,腋下;旁边;侧面,0,脇に抱える。,夹在腋下。
和英,わえい,waei,名词,和英(日译英),0,和英辞典を使う。,使用日英辞典。
割,わり,wari,名词/接尾词,成;比例,2,一割引き。,打九折。
割合,わりあい,wariai,名词/副词,比例;比较地,0,割合に易しい問題。,比较容易的问题。
割り込む,わりこむ,warikomu,动词(自),挤进;插嘴;插队,3,列に割り込む。,插队。
割り算,わりざん,warizan,名词,除法,2,割り算の計算をする。,做除法计算。
割引,わりびき,waribiki,名词/他动词,折扣,0,学生割引を利用する。,利用学生折扣。
悪口,わるぐち,waruguchi,名词,坏话;谩骂,2,人の悪口を言わない。,不讲别人的坏话。
我慢強い,がまんづよい,gamanduyoi,I形容词,忍耐力强的,5,彼は我慢強い性格だ。,他性格很有韧性。
粘り強い,ねばりづよい,nebariduyoi,I形容词,坚韧不拔的,5,粘り強く交渉する。,进行坚韧不拔的交涉。
飽きっぽい,あきっぽい,akippoi,I形容词,没耐性的;易厌倦的,4,私は飽きっぽい性格だ。,我是个没耐心的人。
安っぽい,やすっぽい,yasuppoi,I形容词,看起来廉价的,4,安っぽい服。,看起来廉价的衣服。
荒っぽい,あらっぽい,arappoi,I形容词,粗鲁的;粗暴的,4,言葉遣いが荒っぽい。,说话粗鲁。
大人っぽい,おとなっぽい,otonappoi,I形容词,成熟的;像大人的,4,彼女は大人っぽいですね。,她长得很成熟呢。
子供っぽい,こどもっぽい,kodomoppoi,I形容词,孩子气的,4,子供っぽい行動はやめて。,别做孩子气的行为了。
湿っぽい,しめっぽい,shimeppoi,I形容词,潮湿的;阴郁的,4,空気が湿っぽい。,空气很潮湿。
理屈っぽい,りくつっぽい,rikutsuppoi,I形容词,爱讲理的;好辩的,5,彼は理屈っぽい人だ。,他是个爱钻牛角尖的人。
忘れっぽい,わすれっぽい,wasureppoi,I形容词,健忘的,4,最近忘れっぽくなった。,最近变得健忘了。
熱っぽい,ねつっぽい,netsuppoi,I形容词,发烧的;热烈的,4,体が少し熱っぽい。,身体稍微有点发烧的感觉。
怒りっぽい,おこりっぽい,okorippoi,I形容词,易怒的;爱发火的,5,父は怒りっぽい。,父亲爱发火。
愚痴っぽい,ぐちっぽい,guchippoi,I形容词,爱发牢骚的,4,彼女は愚痴っぽい。,她爱发牢骚。
～家,～か,ka,接尾词,...家;从事某行业的人,0,政治家や芸術家が集まる。,政治家和艺术家聚集。
～会,～かい,kai,接尾词,...会;会议;集会,0,同窓会に参加する。,参加同窗会。
～界,～かい,kai,接尾词,...界;圈子,0,芸能界のニュース。,娱乐圈（艺能界）的新闻。
～学,～がく,gaku,接尾词,...学(学科),0,経済学を専攻する。,专攻经济学。
～観,～かん,kan,接尾词,...观;看法,0,人生観が変わる。,人生观发生了变化。
～器,～き,ki,接尾词,...器;器材,0,洗面器で顔を洗う。,用脸盆洗脸。
～機,～き,ki,接尾词,...机(机械),0,コピー機を使う。,使用复印机。
～金,～きん,kin,接尾词,...金;费用,0,入学金を支払う。,缴纳入学金。
～区,～く,ku,接尾词,...区(行政区),0,新宿区に住んでいる。,住在新宿区。
～計,～けい,kei,接尾词,...计;总计,0,合計を出す。,算出总计。
～券,～けん,ken,接尾词,...券;票,0,乗車券を購入する。,购买乘车券。
～後,～ご,go,接尾词,...后;以后,0,放課後に図書室へ行く。,放学后去图书室。
～語,～ご,go,接尾词,...语(语言),0,外国語をマスターする。,掌握外语。
～差,～さ,sa,接尾词,...差;差异,0,温度差が激しい。,温差很大。
～産,～さん,san,接尾词,...产;出产,0,北海道産の牛乳。,北海道产的牛奶。
～氏,～し,shi,接尾词,...氏;先生,0,田中氏の意見を聞く。,听取田中先生的意见。
～式,～しき,shiki,接尾词,...式;仪式,0,卒業式に出席する。,出席毕业仪式。
～室,～しつ,shitsu,接尾词,...室,0,会議室を予約する。,预订会议室。
～者,～しゃ,sha,接尾词,...者;人,0,若者が集まる街。,年轻人聚集的街道。
～車,～しゃ,sha,接尾词,...车;车辆,0,自転車で通学する。,骑自行车上学。
～手,～しゅ,shu,接尾词,...手;从事某事的人,0,運転手さんに道を尋ねる。,向司机询问路线。
～主義,～しゅぎ,shugi,接尾词,...主义,0,民主主義の国。,民主主义国家。
～所,～じょ/しょ,jo/sho,接尾词,...所;场所,0,事務所で手続きをする。,在事务所办理手续。
～色,～しょく,shoku,接尾词,...色;色彩,0,地方色が豊かな祭り。,地方色彩丰富的祭典。
～信,～しん,shin,接尾词,...信;通讯,0,返信を待つ。,等待回信。
～人,～じん,jin,接尾词,...人(国籍/身份),0,彼は日本人です。,他是日本人。
～図,～ず,zu,接尾词,...图;图表,0,案内図を確認する。,确认导览图。
～性,～せい,sei,接尾词,...性;性质,0,安全性を確認する。,确认安全性。
～製,～せい,sei,接尾词,...制;产地,0,日本製のアニメ。,日本制造的动画。
～税,～ぜい,zei,接尾词,...税,0,消費税が上がる。,消费税上涨。
～席,～せき,seki,接尾词,...席;座位,0,指定席を予約する。,预订对号入座席。
～線,～せん,sen,接尾词,...线;线路,0,山手線に乗る。,搭乘山手线。
～代,～だい,dai,接尾词,...费;代,0,電気代を節約する。,节约电费。
～台,～だい,dai,接尾词,...台(量词/高度),0,二台の車を所有する。,拥有两台车。
～団,～だん,dan,接尾词,...团;团体,0,消防団の活動。,消防团的活动。
～値,～ち,chi,接尾词,...值,0,平均値を計算する。,计算平均值。
～地,～ち,chi,接尾词,...地;场所,0,目的地に到着する。,到达目的地。
～着,～ちゃく,chaku,接尾词,...着;到达;件(量词),0,三着のスーツを買う。,买了三套西装。
～中,～ちゅう,chuu,接尾词,正在...中,0,会議中につきお静かに。,会议中请保持安静。
～長,～ちょう,choo,接尾词,...长;首领,0,社長に挨拶する。,向社长问好。
～的,～てき,teki,接尾词,...的(性质),0,具体的な計画を立てる。,制定具体的计划。
～点,～てん,ten,接尾词,...点;分数,0,満点を取る。,拿到满分。
～度,～ど,do,接尾词,...次;度;程度,0,百度の熱湯。,一百度的沸水。
～等,～とう,too,接尾词,...等;级别,0,一等賞に選ばれる。,被选为一等奖。
～内,～ない,nai,接尾词,...内;内部,0,時間内に終わらせる。,在时间内完成。
～難,～なん,nan,接尾词,困难;灾难,0,就職難の時代。,就业难的时代。
～肉,～にく,niku,接尾词,...肉,0,牛肉を三キロ買う。,买三公斤牛肉。
～日,～にち,nichi,接尾词,...日,0,五日間の旅行。,为期五天的旅行。
～熱,～ねつ,netsu,接尾词,...热;热度,0,研究熱心な学生。,热衷于研究的学生。
～年,～ねん,nen,接尾词,...年,0,三年前の出来事。,三年前发生的事。
～能,～のう,noo,接尾词,...能力;...功能,0,潜在能力を引き出す。,发挥潜能。
～派,～ぱ,pa,接尾词,...派;派别,0,保守派と革新派。,保守派与革新派。
～版,～ばん,ban,接尾词,...版(版本),0,限定版のCDを買う。,买限定版的CD。
～比,～ひ,hi,接尾词,...比;比例,0,前年比で増加する。,比去年有所增加。
～便,～びん,bin,接尾词,...便(航班/邮件),0,次便で荷物を送る。,用下一班次发货。
～风,～ふう,fuu,接尾词,...风;风格;样子,0,サラリーマン风の男。,职员模样的男子。
～法,～ほう,hoo,接尾词,...法;方法,0,健康法を試す。,尝试健身法。
～量,～りょう,ryoo,接尾词,...量;分量,0,生産量を増やす。,增加生产量。
～力,～りょく,ryoku,接尾词,...力;力量,0,学力を高める。,提高学习能力。
～连,～れん,ren,接尾词,...连;连续,0,三连休を楽しむ。,享受三连休。
亜～,あ～,a,接头词,亚...;次于,0,亜熱帯地方の気候。,亚热带地区的气候。
悪～,あく～,aku,接头词,恶...;坏的,0,悪天候のため中止する。,因恶劣天气而中止。
各～,かく～,kaku,接头词,各...;各个,0,各家庭に配布する。,分发给各个家庭。
旧～,きゅう～,kyuu,接头词,旧...;以前的,0,旧市街を散策する。,在旧市区散步。
急～,きゅう～,kyuu,接头词,急...;突然,0,急ブレーキをかける。,急踩刹车。
好～,こう～,koo,接头词,好...;积极的,0,好印象を与える。,给予好印象。
高～,こう～,koo,接头词,高...;程度高,0,高カロリーな食事。,高热量的饮食。
最～,さい～,sai,接头词,最...;至...,0,最新のニュース。,最新的新闻。
再～,さい～,sai,接头词,再...;重...,0,再開発が進む街。,正在进行重新开发的街道。
新～,しん～,shin,接头词,新...;新的,0,新製品を発表する。,发布新产品。
全～,ぜん～,zen,接头词,全...;整个,0,全国大会に出場する。,参加全国大赛。
総～,そう～,soo,接头词,总...;全体,0,総人口を調査する。,调查总人口。
超～,ちょう～,choo,接头词,超...;非常,0,超音波の技術。,超声波技术。
長～,ちょう～,choo,接头词,长...;长时间,0,長距離バスに乗る。,坐长途巴士。
低～,てい～,tei,接头词,低...;程度低,0,低価格で提供する。,以低价提供。
不～,ふ～,fu,接头词,不...;非...,0,不自然な動き。,不自然的动作。
負～,ふ～,fu,接头词,负...;负数,0,マイナス（负）のイメージ。,负面印象。
無～,む～,mu,接头词,无...;没有,0,無意識に言ってしまう。,无意识地说了出来。
名～,めい～,mei,接头词,名...;著名的,0,名曲を聴く。,听名曲。
迷～,めい～,mei,接头词,迷...;困惑,0,迷い子を探す。,寻找迷路的孩子。
豆,まめ,mame,名词,豆子,0,コーヒー豆を挽く。,磨咖啡豆。
丸い,まるい,marui,I形容词,圆的,0,丸いテーブルを囲む。,围在圆桌旁。
稀,まれ,mare,Na形容词,稀少;罕见,0,稀に見る才能。,罕见的才能。
回,まわり,mawari,名词,周围;附近;循环,0,池の回りを走る。,在池塘周围跑。
万一,まんいち,manichi,副词/名词,万一,1,万一の時に備える。,以防万一。
満点,まんてん,manten,名词,满分,3,テストで満点を取る。,考试拿了满分。
味方,みかた,mikata,名词/自动词,我方;盟友;支持,0,正義の味方。,正义的伙伴。
見事,みごと,migoto,Na形容词,精彩;出色,1,見事な演技だった。,非常精彩的演技。
満ちる,みちる,michiru,动词(自),充满;期满,2,自信に満ちた表情。,充满自信的表情。
密,みつ,mitsu,Na形容词,密集;紧密,0,密なスケジュール。,密集的日程。
密度,みつど,mitsudo,名词,密度,1,人口密度が高い。,人口密度高。
見通し,みとおし,mitooshi,名词,展望;预料;看穿,0,将来の見通しを立てる。,对未来进行展望。
見舞い,みまい,mimai,名词,探望;慰问,0,お見舞いに行く。,去探病。
未満,みまん,miman,接尾词,未满;不足,2,十八歳未満禁止。,未满十八岁禁止。
名字,みょうじ,myooji,名词,姓氏,1,珍しい名字ですね。,真是个罕见的姓氏。
魅力,みりょく,miryoku,名词,魅力,0,彼女は魅力的な人だ。,她是个有魅力的人。
無理,むり,muri,名词/Na形容词,勉强;不可能,1,無理な計画を立てない。,不要制定勉强的计划。
無料,むりょう,muryoo,名词,免费,0,入館料は無料です。,进馆免费。
迷信,めいしん,meishin,名词,迷信,0,迷信を信じる。,相信迷信。
明確,めいかく,meikaku,Na形容词,明确,0,目的を明確にする。,明确目的。
命令,めいれい,meirei,名词/他动词,命令,0,上司の命令に従う。,服从上司的命令。
迷惑,めいわく,meiwaku,名词/Na形容词/自动词,麻烦;困惑,1,人に迷惑をかける。,给别人添麻烦。
目上,めうえ,meue,名词,长辈;上级,0,目上の人には敬語を使う。,对长辈要使用敬语。
目下,めした,meshita,名词,晚辈;部下,0,目下の人を可愛がる。,疼爱晚辈。
目印,めじるし,mejirushi,名词,记号;标记,0,赤い屋根を目印に来てください。,请以红屋顶为标记过来。
目安,めやす,meyasu,名词,目标;大致标准;基准,0,一ヶ月の生活費の目安。,一个月生活费的大致标准。
免許,めんきょ,menkyo,名词,许可证;执照,1,運転免許を取る。,考取驾照。
面積,めんせき,menseki,名词,面积,1,この部屋の面積を測る。,测量这个房间的面积。
面倒,めんどう,mendoo,名词/Na形容词,麻烦;照顾,3,面倒な手続き。,麻烦的手续。
目的,もくてき,mokuteki,名词,目的,0,日本に来た目的は勉強だ。,来日本的目的是学习。
目標,もくひょう,mokuhyoo,名词,目标,0,目標を達成する。,达成目标。
文字,もじ,moji,名词,文字;字体,1,大きな文字で書く。,用大号字写。
持ち主,もちぬし,mochinushi,名词,所有者;主人,2,このバッグの持ち主は誰ですか。,这个包的主人是谁？
元,もと,moto,名词,根本;原本;原因,1,元の場所に戻す。,放回原处。
物事,ものごと,monogoto,名词,事物;事情,2,物事を前向きに考える。,积极地考虑事情。
文句,もんく,monku,名词,怨言;词句,0,文句を言うのをやめる。,停止抱怨。
役,やく,yaku,名词,职务;角色,2,主役を演じる。,演主角。
役割,やくわり,yakuwari,名词,职责;分担的任务,3,自分の役割を果たす。,履行自己的职责。
家賃,やちん,yachin,名词,房租,1,家賃を払う。,付房租。
厄介,やっかい,yakkai,名词/Na形容词,麻烦;负担;照料,2,厄介な問題が起きる。,发生了麻烦的问题。
宿,やど,yado,名词,旅店;住处,1,早めに宿を予約する。,提早预订旅店。
勇気,ゆうき,yuuki,名词,勇气,1,勇気を出して告白する。,拿出勇气表白。
有効,ゆうこう,yuukoo,名词/Na形容词,有效,0,このチケットは今日だけ有効だ。,这张票仅限今天有效。
優秀,ゆうしゅう,yuushuu,Na形容词,优秀,0,彼は非常に優秀な学生だ。,他是个非常优秀的学生。
優勝,ゆうしょう,yuushoo,名词/自动词,冠军;优胜,0,大会で優勝する。,在比赛中获得冠军。
友情,ゆうじょう,yuujoo,名词,友情,0,二人の間に友情が芽生える。,两人之间萌生了友情。
友人,ゆうじん,yuujin,名词,友人;朋友,0,旧友を訪ねる。,拜访老友。
郵送,ゆうそう,yuusoo,名词/他动词,邮寄,0,書類を郵送で送る。,通过邮寄发送文件。
郵便,ゆうびん,yuubin,名词,邮政;邮件,0,郵便が届く。,邮件到了。
夕方,ゆうがた,yuugata,名词,傍晚,0,夕方から雨が降るそうだ。,据说从傍晚开始下雨。
夕刊,ゆうかん,yuukan,名词,晚报,0,夕刊を読む。,看晚报。
有利,ゆうり,yuuri,Na形容词,有利,1,自分に有利な条件。,对自己有利的条件。
床,ゆか,yuka,名词,地板,0,床を掃除する。,擦地板。
輸出,ゆしゅつ,yushutsu,名词/他动词,出口,0,車を外国に輸出する。,把汽车出口到国外。
輸入,ゆにゅう,yunyuu,名词/他动词,进口,0,原油を輸入する。,进口原油。
輸送,ゆそう,yusoo,名词/他动词,运输,0,船で荷物を輸送する。,用船运输货物。
油断,ゆだん,yudan,名词/自动词,疏忽;大意,0,油断は禁物だ。,切不可大意。
指輪,ゆびわ,yubiwa,名词,戒指,0,婚約指輪を贈る。,送订婚戒指。
夢,ゆめ,yume,名词,梦;梦想,2,将来の夢を語る。,谈论未来的梦想。
用意,ようい,yooi,名词/他动词,准备,1,食事の用意ができる。,饭菜准备好了。
要件,ようけん,yooken,名词,要件;主要事项,3,要件を簡潔に伝える。,简洁地传达要领。
様子,ようす,yoosu,名词,情况;样子;神态,0,病人の様子を見る。,查看病人的情况。
要素,ようそ,yooso,名词,要素,1,成功の重要な要素。,成功的关键要素。
要点,ようてん,yooten,名词,要点,0,話の要点をまとめる。,总结说话的要点。
予習,よしゅう,yoshuu,名词/他动词,预习,0,明日の授業を予習する。,预习明天的课。
予測,よそく,yosoku,名词/他动词,预测,0,結果を予測するのは難しい。,很难预测结果。
予算,よさん,yosan,名词,预算,0,予算を立てる。,制定预算。
予報,よほう,yohoo,名词/他动词,预报,0,天気予報をチェックする。,查看天气预报。
予防,よぼう,yoboo,名词/他动词,预防,0,風邪の予防に手洗いをする。,洗手以预防感冒。
読み,よみ,yomi,名词,读法;推测,0,漢字の読みを調べる。,查汉字的读音。
余裕,よゆう,yoyuu,名词,余裕;充裕,0,時間に余裕を持って行く。,留出富余时间去。
喜び,よろこび,yorokobi,名词,喜悦;喜事,0,合格の喜びを分かち合う。,分享及格的喜悦。
来日,らいにち,rainichi,名词/自动词,来日,0,多くの観光客が来日する。,许多游客来到日本。
理解,りかい,rikai,名词/他动词,理解,1,相手の気持ちを理解する。,理解对方的心情。
理想,りそう,risoo,名词,理想,0,理想を高く持つ。,怀抱高远的理想。
流行,りゅうこう,ryuukoo,名词/自动词,流行,0,最新のファッションが流行する。,流行最新的时尚。
量,りょう,ryoo,名词,量;分量,1,料理の量が多い。,菜量很多。
両替,りょうがえ,ryoogae,名词/他动词,兑换;换零钱,0,円をドルに両替する。,把日元兑换成美元。
料金,りょうきん,ryookin,名词,费用,1,利用料金を支払う。,支付使用费。
例外,れいがい,reegai,名词,例外,0,例外は認められない。,不予承认例外。